Layer,qname,Si detector,LEF,Die BL x,Die BL y,Die BR x,Die BR y,Die TR x,Die TR y,Die TL x,Die TL y,Active BL x,Active BL y,Active BR x,Active BR y,Active TR x,Active TR y,Active TL x,Active TL y
U,QL-L3,L12-30-11,LEF-1-1,-60.245497757093844,60.10407640085655,-140.14856403117372,-19.798989873223313,-83.58002153624992,-76.36753236814712,-3.6769552621700425,3.5355339059327346,-60.3343280464804,59.195002245293594,-139.2394898756108,-19.710159583836756,-83.49119124686338,-75.45845821258418,-4.5860294177329965,3.4467036165461735
U,QL-L3,L12-30-10,LEF-1-1,-116.92010626919563,116.77868491295834,-196.82317254327552,36.87561863887848,-140.25463004835171,-19.692923856045333,-60.35156377427183,60.21014241803453,-117.00893655858218,115.86961075739538,-195.91409838771256,36.96444892826503,-140.16579975896514,-18.783849700482385,-61.26063792983477,60.121312128647965
U,QL-L3,L12-30-9,LEF-1-1,-173.5947147812974,173.45329342506017,-253.4977810553773,93.55022715098029,-196.92923856045348,36.98168465605647,-117.02617228637361,116.88475093013633,-173.68354507068395,172.54421926949718,-252.58870689981433,93.63905744036683,-196.84040827106693,37.890758811619406,-117.93524644193656,116.79592064074976
U,QL-L3,L12-30-8,LEF-1-1,-230.26932329339917,230.12790193716197,-310.17238956747906,150.2248356630821,-253.60384707255528,93.65629316815829,-173.7007807984754,173.55935944223816,-230.35815358278577,229.218827781599,-309.26331541191615,150.31366595246865,-253.51501678316873,94.56536732372123,-174.60985495403835,173.47052915285158
U,QL-L3,L12-30-7,LEF-1-1,-286.943931805501,286.80251044926376,-366.8469980795809,206.89944417518387,-310.2784555846571,150.33090168026007,-230.3753893105772,230.23396795433996,-287.0327620948876,285.8934362937008,-365.9379239240179,206.98827446457045,-310.18962529527056,151.2399758358231,-231.28446346614018,230.14513766495344
U,QL-L3,L12-30-6,LEF-1-1,-343.61854031760276,343.4771189613656,-423.52160659168266,263.5740526872857,-366.95306409675885,207.00551019236184,-287.04999782267896,286.90857646644173,-343.70737060698934,342.56804480580263,-422.61253243611975,263.6628829766723,-366.86423380737233,207.91458434792486,-287.9590719782419,286.8197461770552
U,QL-L3,L12-30-5,LEF-1-1,-400.29314882970453,400.15172747346736,-480.1962151037844,320.24866119938747,-423.6276726088606,263.68011870446367,-343.72460633478073,343.58318497854356,-400.38197911909106,399.24265331790434,-479.28714094822146,320.337491488774,-423.53884231947404,264.58919286002657,-344.63368049034364,343.4943546891569
U,QL-L3,L12-30-4,LEF-1-1,-456.96775734180636,456.8263359855692,-536.8708236158863,376.9232697114893,-480.30228112096245,320.3547272165655,-400.39921484688256,400.2577934906454,-457.0565876311929,455.9172618300062,-535.9617494603233,377.0121000008759,-480.21345083157587,321.2638013721284,-401.30828900244546,400.16896320125875
U,QL-L3,L12-30-3,LEF-1-1,-513.6423658539081,513.500944497671,-593.5454321279881,433.59787822359107,-536.9768896330643,377.02933572866726,-457.0738233589843,456.93240200274715,-513.7311961432946,512.591870342108,-592.636357972425,433.6867085129776,-536.8880593436776,377.9384098842302,-457.98289751454723,456.8435717133606
U,QL-L3,L12-30-2,LEF-1-1,-570.3169743660098,570.1755530097728,-650.2200406400898,490.2724867356929,-593.651498145166,433.7039442407691,-513.748431871086,513.607010514849,-570.4058046553963,569.2664788542098,-649.3109664845267,490.3613170250794,-593.5626678557793,434.613018396332,-514.6575060266489,513.5181802254624
U,QL-L3,L12-30-1,LEF-1-1,-626.9915828781117,626.8501615218745,-706.8946491521915,546.9470952477947,-650.3261066572677,490.3785527528708,-570.4230403831879,570.2816190269507,-627.0804131674981,625.9410873663116,-705.9855749966285,547.0359255371812,-650.2372763678811,491.2876269084337,-571.3321145387507,570.1927887375641
U,QL-L3,L12-30-0,LEF-1-1,-683.6661913902135,683.5247700339764,-763.5692576642934,603.6217037598966,-707.0007151693696,547.0531612649728,-627.0976488952897,626.9562275390526,-683.7550216796,682.6156958784135,-762.6601835087304,603.7105340492831,-706.911884879983,547.9622354205356,-628.0067230508525,626.867397249666
U,QL-L3,L12-26-11,LEF-1-2,-136.7544514814783,-23.47594513539336,-216.6575177555582,-103.37901140947325,-160.08897526063438,-159.94755390439707,-80.1859089865545,-80.04448763031718,-136.84328177086485,-24.385019290956308,-215.74844359999526,-103.29018112008667,-160.00014497124783,-159.0384797488341,-81.09498314211746,-80.13331791970373
U,QL-L3,L12-26-10,LEF-1-2,-193.4290599935801,33.19866337670844,-273.33212626766,-46.70440289737145,-216.76358377273618,-103.27294539229527,-136.8605174986563,-23.369879118215373,-193.51789028296662,32.28958922114548,-272.423052112097,-46.61557260798489,-216.6747534833496,-102.36387123673231,-137.76959165421923,-23.458709407601937
U,QL-L3,L12-26-9,LEF-1-2,-250.10366850568187,89.87327188881025,-330.00673477976176,9.97020561473036,-273.43819228483795,-46.59833688019346,-193.53512601075806,33.30472939388643,-250.1924987950684,88.96419773324727,-329.0976606241988,10.05903590411691,-273.34936199545143,-45.68926272463051,-194.44420016632102,33.215899104499854
U,QL-L3,L12-26-8,LEF-1-2,-306.77827701778364,146.54788040091205,-386.6813432918635,66.64481412683216,-330.1128007969397,10.076271631908355,-250.20973452285986,89.97933790598825,-306.8671073071702,145.6388062453491,-385.7722691363006,66.73364441621874,-330.0239705075532,10.985345787471317,-251.1188086784228,89.89050761660168
U,QL-L3,L12-26-7,LEF-1-2,-363.4528855298854,203.22248891301388,-443.35595180396535,123.31942263893399,-386.78740930904155,66.75088014401015,-306.88434303496166,146.65394641809004,-363.541715819272,202.31341475745091,-442.4468776484024,123.40825292832056,-386.698579019655,67.65995429957317,-307.7934171905246,146.56511612870355
U,QL-L3,L12-26-6,LEF-1-2,-420.12749404198723,259.89709742511565,-500.03056031606707,179.99403115103576,-443.46201782114326,123.42548865611195,-363.55895154706343,203.32855493019184,-420.21632433137376,258.9880232695527,-499.12148616050416,180.08286144042233,-443.3731875317568,124.33456281167491,-364.4680257026264,203.23972464080526
U,QL-L3,L12-26-5,LEF-1-2,-476.80210255408895,316.5717059372174,-556.7051688281689,236.66863966313753,-500.1366263332451,180.10009716821372,-420.23356005916514,260.0031634422936,-476.89093284347547,315.66263178165445,-555.7960946726059,236.7574699525241,-500.04779604385845,181.00917132377663,-421.14263421472805,259.914333152907
U,QL-L3,L12-26-4,LEF-1-2,-533.4767110661908,373.2463144493193,-613.3797773402707,293.3432481752394,-556.8112348453469,236.7747056803156,-476.90816857126697,316.6777719543955,-533.5655413555774,372.3372402937563,-612.4707031847078,293.43207846462593,-556.7224045559603,237.6837798358785,-477.81724272682993,316.58894166500886
U,QL-L3,L12-26-3,LEF-1-2,-590.1513195782926,429.92092296142107,-670.0543858523724,350.0178566873412,-613.4858433574486,293.4493141924174,-533.5827770833688,373.35238046649727,-590.2401498676792,429.01184880585805,-669.1453116968096,350.1066869767277,-613.397013068062,294.3583883479803,-534.4918512389318,373.26355017711063
U,QL-L3,L12-26-2,LEF-1-2,-646.8259280903944,486.59553147352284,-726.7289943644743,406.69246519944295,-670.1604518695505,350.12392270451915,-590.2573855954705,430.02698897859904,-646.9147583797809,485.6864573179598,-725.8199202089113,406.78129548882947,-670.0716215801638,351.03299686008205,-591.1664597510335,429.9381586892124
U,QL-L3,L12-26-1,LEF-1-2,-703.5005366024961,543.2701399856246,-783.403602876576,463.3670737115448,-726.8350603816522,406.798531216621,-646.9319941075723,486.70159749070086,-703.5893668918826,542.3610658300616,-782.494528721013,463.4559040009313,-726.7462300922656,407.7076053721839,-647.8410682631352,486.6127672013142
U,QL-L3,L12-26-0,LEF-1-2,-760.175145114598,599.9447484977266,-840.0782113886778,520.0416822236466,-783.509668893754,463.4731397287228,-703.6066026196742,543.3762060028027,-760.2639754039844,599.0356743421635,-839.1691372331148,520.1305125130332,-783.4208386043674,464.3822138842857,-704.515676775237,543.287375713416
U,QL-L3,L12-09-11,LEF-1-3,-216.7989391117955,-103.52043276571054,-296.7020053858754,-183.42349903979039,-240.1334628909516,-239.99204153471422,-160.2303966168717,-160.08897526063436,-216.88776940118206,-104.42950692127347,-295.79293123031243,-183.33466875040386,-240.044632601565,-239.08296737915128,-161.13947077243463,-160.1778055500209
U,QL-L3,L12-09-10,LEF-1-3,-273.4735476238973,-46.84582425360874,-353.37661389797717,-126.7488905276886,-296.80807140305336,-183.31743302261242,-216.9050051289735,-103.41436674853256,-273.56237791328385,-47.75489840917169,-352.4675397424142,-126.66006023830207,-296.7192411136668,-182.4083588670495,-217.81407928453643,-103.50319703791911
U,QL-L3,L12-09-9,LEF-1-3,-330.1481561359991,9.828784258493073,-410.05122241007894,-70.07428201558679,-353.48267991515513,-126.64282451051061,-273.5796136410753,-46.739758236430745,-330.23698642538557,8.919710102930111,-409.142148254516,-69.98545172620027,-353.39384962576855,-125.73375035494769,-274.4886877966382,-46.82858852581731
U,QL-L3,L12-09-8,LEF-1-3,-386.8227646481008,66.50339277059487,-466.72583092218076,-13.39967350348499,-410.15728842725696,-69.9682159984088,-330.25422215317707,9.934850275671067,-386.9115949374874,65.59431861503194,-465.8167567666178,-13.31084321409844,-410.0684581378704,-69.05914184284586,-331.16329630874,9.846019986284517
U,QL-L3,L12-09-7,LEF-1-3,-443.49737316020264,123.1780012826967,-523.4004394342826,43.274935008616836,-466.8318969393588,-13.293607486306996,-386.92883066527884,66.60945878777287,-443.5862034495892,122.26892712713376,-522.4913652787195,43.363765298003386,-466.7430666499722,-12.384533330744006,-387.8379048208418,66.52062849838637
U,QL-L3,L12-09-6,LEF-1-3,-500.1719816723044,179.85260979479847,-580.0750479463843,99.9495435207186,-523.5065054514605,43.3810010257948,-443.6034391773806,123.28406729987466,-500.26081196169093,178.94353563923553,-579.1659737908213,100.03837381010516,-523.4176751620739,44.290075181357736,-444.5125133329436,123.19523701048811
U,QL-L3,L12-09-5,LEF-1-3,-556.8465901844062,236.52721830690024,-636.749656458486,156.62415203282038,-580.1811139635622,100.05560953789657,-500.2780476894824,179.95867581197643,-556.9354204737926,235.6181441513373,-635.840582302923,156.71298232220693,-580.0922836741756,100.96468369345945,-501.1871218450452,179.86984552258983
U,QL-L3,L12-09-4,LEF-1-3,-613.521198696508,293.2018268190021,-693.424264970588,213.29876054492226,-636.8557224756642,156.73021804999846,-556.9526562015842,236.63328432407832,-613.6100289858946,292.29275266343916,-692.5151908150249,213.38759083430875,-636.7668921862776,157.63929220556133,-557.8617303571472,236.5444540346917
U,QL-L3,L12-09-3,LEF-1-3,-670.1958072086097,349.8764353311039,-750.0988734826897,269.973369057024,-693.5303309877659,213.40482656210023,-613.6272647136859,293.3078928361801,-670.2846374979963,348.9673611755409,-749.1897993271267,270.0621993464105,-693.4415006983793,214.3139007176631,-614.5363388692489,293.21906254679345
U,QL-L3,L12-09-2,LEF-1-3,-726.8704157207117,406.55104384320566,-806.7734819947915,326.6479775691258,-750.2049394998676,270.079435074202,-670.3018732257877,349.98250134828186,-726.9592460100981,405.6419696876427,-805.8644078392285,326.7368078585123,-750.116109210481,270.9885092297649,-671.2109473813506,349.8936710588953
U,QL-L3,L12-09-1,LEF-1-3,-783.5450242328134,463.2256523553075,-863.4480905068932,383.32258608122766,-806.8795480119694,326.75404358630385,-726.9764817378896,406.6571098603837,-783.6338545221998,462.3165781997445,-862.5390163513302,383.4114163706141,-806.7907177225827,327.6631177418667,-727.8855558934524,406.5682795709971
U,QL-L3,L12-09-0,LEF-1-3,-840.2196327449151,519.9002608674093,-920.122699018995,439.9971945933295,-863.5541565240712,383.4286520984057,-783.6510902499913,463.3317183724855,-840.3084630343017,518.9911867118464,-919.213624863432,440.08602488271595,-863.4653262346847,384.3377262539685,-784.5601644055542,463.24288808309893
U,QL-L3,L12-42-11,LEF-1-4,-296.84342674211274,-183.56492039602773,-376.74649301619263,-263.4679866701076,-320.1779505212688,-320.0365291650314,-240.27488424718894,-240.13346289095156,-296.93225703149926,-184.4739945515907,-375.83741886062967,-263.37915638072104,-320.08912023188225,-319.12745500946846,-241.18395840275187,-240.2222931803381
U,QL-L3,L12-42-10,LEF-1-4,-353.5180352542145,-126.89031188392595,-433.4211015282944,-206.7933781580058,-376.8525590333706,-263.3619206529296,-296.9494927592907,-183.45885437884976,-353.6068655436011,-127.7993860394889,-432.51202737273144,-206.70454786861924,-376.763728743984,-262.45284649736664,-297.85856691485367,-183.54768466823631
U,QL-L3,L12-42-9,LEF-1-4,-410.19264376631634,-70.21570337182413,-490.09571004039617,-150.118769645904,-433.52716754547237,-206.68731214082783,-353.62410127139253,-126.78424586674795,-410.2814740557028,-71.1247775273871,-489.1866358848332,-150.02993935651745,-433.4383372560858,-205.77823798526487,-354.53317542695544,-126.87307615613452
U,QL-L3,L12-42-8,LEF-1-4,-466.86725227841805,-13.541094859722335,-546.770318552498,-93.4441611338022,-490.2017760575742,-150.012703628726,-410.2987097834943,-70.10963735464614,-466.95608256780463,-14.450169015285269,-545.861244396935,-93.35533084441562,-490.1129457681876,-149.10362947316304,-411.2077839390572,-70.19846764403269
U,QL-L3,L12-42-7,LEF-1-4,-523.5418607905199,43.13351365237949,-603.4449270645998,-36.76955262170037,-546.876384569676,-93.3380951166242,-466.9733182955961,-13.435028842544341,-523.6306910799065,42.22443949681656,-602.5358529090367,-36.68072233231379,-546.7875542802894,-92.42902096106118,-467.88239245115903,-13.523859131930834
U,QL-L3,L12-42-6,LEF-1-4,-580.2164693026216,99.80812216448126,-660.1195355767015,19.9050558904014,-603.5509930817777,-36.663486604522404,-523.6479268076978,43.23957966955746,-580.3052995920082,98.89904800891833,-659.2104614211386,19.993886179787978,-603.4621627923912,-35.75441244895944,-524.5570009632609,43.15074938017091
U,QL-L3,L12-42-5,LEF-1-4,-636.8910778147234,156.48273067658303,-716.7941440888033,76.57966440250317,-660.2256015938794,20.011121907579366,-580.3225353197996,99.91418818165923,-636.9799081041099,155.5736565210201,-715.8850699332403,76.66849469188975,-660.1367713044929,20.92019606314227,-581.2316094753625,99.82535789227262
U,QL-L3,L12-42-4,LEF-1-4,-693.5656863268252,213.15733918868492,-773.4687526009052,133.25427291460505,-716.9002101059814,76.68573041968125,-636.9971438319014,156.5887966937611,-693.6545166162118,212.24826503312192,-772.5596784453421,133.34310320399157,-716.8113798165948,77.59480457524415,-637.9062179874644,156.4999664043745
U,QL-L3,L12-42-3,LEF-1-4,-750.240294838927,269.8319477007867,-830.1433611130069,189.92888142670682,-773.5748186180831,133.36033893178302,-693.6717523440032,213.26340520586288,-750.3291251283135,268.9228735452237,-829.2342869574439,190.01771171609334,-773.4859883286965,134.26941308734592,-694.5808264995661,213.17457491647627
U,QL-L3,L12-42-2,LEF-1-4,-806.9149033510289,326.5065562128884,-886.8179696251087,246.6034899388086,-830.2494271301848,190.0349474438848,-750.346360856105,269.9380137179646,-807.0037336404154,325.59748205732546,-885.9088954695458,246.69232022819511,-830.1605968407982,190.9440215994477,-751.2554350116678,269.84918342857804
U,QL-L3,L12-42-1,LEF-1-4,-863.5895118631306,383.18116472499025,-943.4925781372104,303.2780984509104,-886.9240356422866,246.70955595598662,-807.0209693682068,326.61262223006645,-863.6783421525171,382.2720905694273,-942.5835039816475,303.36692874029694,-886.8352053529,247.61863011154952,-807.9300435237697,326.52379194067987
U,QL-L3,L12-42-0,LEF-1-4,-920.2641203752323,439.8557732370921,-1000.1671866493123,359.95270696301225,-943.5986441543885,303.38416446808844,-863.6955778803085,383.2872307421683,-920.3529506646189,438.9466990815291,-999.2581124937492,360.04153725239877,-943.5098138650019,304.29323862365135,-864.6046520358715,383.1984004527817
U,QL-L3,L12-05-11,LEF-1-5,-376.8879143724299,-263.6094080263449,-456.79098064650987,-343.5124743004248,-400.22243815158606,-400.0810167953486,-320.3193718775061,-320.1779505212687,-376.9767446618165,-264.51848218190787,-455.88190649094685,-343.4236440110382,-400.1336078621994,-399.17194263978564,-321.2284460330691,-320.2667808106553
U,QL-L3,L12-05-10,LEF-1-5,-433.5625228845317,-206.93479951424308,-513.4655891586117,-286.837865788323,-456.89704666368783,-343.4064082832468,-376.9939803896079,-263.5033420091669,-433.65135317391827,-207.84387366980607,-512.5565150030486,-286.74903549893645,-456.8082163743012,-342.4973341276838,-377.90305454517085,-263.59217229855346
U,QL-L3,L12-05-9,LEF-1-5,-490.23713139663346,-150.26019100214128,-570.1401976707134,-230.16325727622117,-513.5716551757896,-286.731799771145,-433.66858890170965,-206.82873349706512,-490.32596168602004,-151.16926515770427,-569.2311235151503,-230.07442698683462,-513.482824886403,-285.82272561558204,-434.5776630572726,-206.9175637864517
U,QL-L3,L12-05-8,LEF-1-5,-546.9117399087353,-93.58558249003949,-626.8148061828152,-173.48864876411938,-570.2462636878914,-230.05719125904318,-490.3431974138115,-150.1541249849633,-547.0005701981219,-94.49465664560245,-625.9057320272523,-173.3998184747328,-570.1574333985047,-229.14811710348022,-491.25227156937444,-150.24295527434987
U,QL-L3,L12-05-7,LEF-1-5,-603.5863484208371,-36.91097397793766,-683.4894146949171,-116.81404025201755,-626.9208721999933,-173.38258274694138,-547.0178059259133,-93.47951647286149,-603.6751787102237,-37.82004813350062,-682.580340539354,-116.72520996263097,-626.8320419106067,-172.47350859137836,-547.9268800814763,-93.56834676224801
U,QL-L3,L12-05-6,LEF-1-5,-660.2609569329388,19.76363453416411,-740.1640232070188,-60.13943173991578,-683.595480712095,-116.70797423483958,-603.692414438015,-36.80490796075969,-660.3497872223254,18.85456037860115,-739.2549490514557,-60.0506014505292,-683.5066504227084,-115.79890007927662,-604.6014885935781,-36.89373825014627
U,QL-L3,L12-05-5,LEF-1-5,-716.9355654450405,76.43824304626588,-796.8386317191205,-3.4648232278140085,-740.2700892241967,-60.03336572273781,-660.3670229501167,19.869700551342078,-717.0243957344271,75.52916889070292,-795.9295575635574,-3.37599293842743,-740.1812589348101,-59.12429156717491,-661.2760971056797,19.780870261955442
U,QL-L3,L12-05-4,LEF-1-5,-773.6101739571425,133.11285155836777,-853.5132402312224,53.209785284287875,-796.9446977362986,-3.358757210635929,-717.0416314622187,76.54430906344396,-773.6990042465291,132.20377740280475,-852.6041660756594,53.2986155736744,-796.8558674469119,-2.4496830550730238,-717.9507056177815,76.45547877405733
U,QL-L3,L12-05-3,LEF-1-5,-830.2847824692442,189.78746007046954,-910.1878487433241,109.88439379638965,-853.6193062484003,53.31585130146584,-773.7162399743204,133.21891757554573,-830.3736127586308,188.87838591490652,-909.2787745877611,109.97322408577617,-853.5304759590138,54.224925457028746,-774.6253141298833,133.1300872861591
U,QL-L3,L12-05-2,LEF-1-5,-886.959390981346,246.4620685825713,-966.862457255426,166.55900230849142,-910.293914760502,109.99045981356761,-830.3908484864221,189.8935260876475,-887.0482212707325,245.5529944270083,-965.9533830998629,166.64783259787794,-910.2050844711155,110.89953396913052,-831.2999226419851,189.80469579826087
U,QL-L3,L12-05-1,LEF-1-5,-943.6339994934477,303.13667709467313,-1023.5370657675277,223.23361082059324,-966.9685232726039,166.66506832566944,-887.0654569985239,246.56813459974933,-943.7228297828342,302.2276029391101,-1022.6279916119646,223.32244110997976,-966.8796929832172,167.57414248123234,-887.9745311540869,246.4793043103627
U,QL-L3,L12-05-0,LEF-1-5,-1000.3086080055496,359.81128560677496,-1080.2116742796295,279.90821933269507,-1023.6431317847057,223.33967683777126,-943.7400655106258,303.24274311185115,-1000.3974382949361,358.90221145121194,-1079.3026001240664,279.9970496220816,-1023.554301495319,224.24875099333417,-944.6491396661886,303.1539128224645
U,QL-L3,L10-13-9,LEF-1-6,-456.9324020027471,-343.6538956566621,-536.835468276827,-423.556961930742,-480.2669257819032,-480.1255044256658,-400.3638595078233,-400.2224381515859,-457.02123229213373,-344.56296981222505,-535.926394121264,-423.4681316413554,-480.17809549251666,-479.2164302701028,-401.2729336633863,-400.31126844097247
U,QL-L3,L10-13-8,LEF-1-6,-513.6070105148489,-286.97928714456026,-593.5100767889288,-366.88235341864015,-536.941534294005,-423.45089591356395,-457.03846801992506,-343.54782963948406,-513.6958408042356,-287.8883613001233,-592.6010026333659,-366.7935231292536,-536.8527040046184,-422.541821758001,-457.9475421754881,-343.63665992887064
U,QL-L3,L10-13-7,LEF-1-6,-570.2816190269507,-230.30467863245846,-650.1846853010305,-310.2077449065383,-593.6161428061067,-366.7762874014622,-513.7130765320269,-286.8732211273823,-570.3704493163373,-231.21375278802145,-649.2756111454676,-310.1189146171518,-593.5273125167203,-365.8672132458992,-514.6221506875899,-286.9620514167689
U,QL-L3,L10-13-6,LEF-1-6,-626.9562275390524,-173.63007012035666,-706.8592938131324,-253.53313639443655,-650.2907513182085,-310.10167888936036,-570.3876850441286,-230.19861261528047,-627.0450578284391,-174.53914427591963,-705.9502196575695,-253.44430610504998,-650.201921028822,-309.1926047337974,-571.2967591996917,-230.28744290466705
U,QL-L3,L10-13-5,LEF-1-6,-683.6308360511542,-116.95546160825484,-763.5339023252341,-196.85852788233473,-706.9653598303104,-253.42707037725856,-627.0622935562304,-173.52400410317867,-683.7196663405409,-117.8645357638178,-762.6248281696712,-196.76969759294815,-706.8765295409239,-252.51799622169554,-627.9713677117935,-173.6128343925652
U,QL-L3,L10-13-4,LEF-1-6,-740.3054445632561,-60.280853096153066,-820.2085108373359,-140.18391937023296,-763.6399683424121,-196.75246186515676,-683.7369020683323,-116.84939559107687,-740.3942748526426,-61.18992725171603,-819.2994366817729,-140.09508908084638,-763.5511380530256,-195.8433877095938,-684.6459762238953,-116.93822588046345
U,QL-L3,L10-13-3,LEF-1-6,-796.9800530753578,-3.6062445840512964,-876.8831193494377,-83.50931085813119,-820.3145768545139,-140.077853353055,-740.411510580434,-60.1747870789751,-797.0688833647444,-4.5153187396142584,-875.9740451938746,-83.42048056874461,-820.2257465651273,-139.16877919749209,-741.3205847359969,-60.263617368361736
U,QL-L3,L10-13-2,LEF-1-6,-853.6546615874596,53.06836392805059,-933.5577278615394,-26.834702346029303,-876.9891853666156,-83.4032448409531,-797.0861190925358,-3.500178566873217,-853.7434918768463,52.15928977248757,-932.6486537059766,-26.74587205664278,-876.9003550772292,-82.4941706853902,-797.9951932480988,-3.589008856259852
U,QL-L3,L10-13-1,LEF-1-6,-910.3292700995614,109.74297244015236,-990.2323363736413,29.839906166072467,-933.6637938787175,-26.728636328851337,-853.7607276046376,53.17442994522855,-910.418100388948,108.83389828458934,-989.3232622180783,29.92873645545899,-933.574963589331,-25.819562173288432,-854.6698017602006,53.08559965584192
U,QL-L3,L10-13-0,LEF-1-6,-967.0038786116631,166.41758095225413,-1046.906944885743,86.51451467817424,-990.3384023908193,29.945972183250433,-910.4353361167393,109.84903845733032,-967.0927089010497,165.5085067966911,-1045.9978707301802,86.60334496756076,-990.2495721014327,30.855046338813338,-911.3444102723023,109.76020816794369
U,QL-L3,L10-05-9,LEF-1-7,-536.9768896330643,-423.69838328697926,-616.8799559071442,-503.6014495610591,-560.3114134122204,-560.1699920559829,-480.4083471381405,-480.26692578190307,-537.065719922451,-424.6074574425423,-615.9708817515813,-503.5126192716726,-560.222583122834,-559.2609179004199,-481.31742129370355,-480.3557560712897
U,QL-L3,L10-05-8,LEF-1-7,-593.6514981451661,-367.02377477487744,-673.554564419246,-446.9268410489573,-616.9860219243222,-503.4953835438811,-537.0829556502423,-423.59231726980124,-593.7403284345528,-367.9328489304405,-672.6454902636831,-446.8380107595708,-616.8971916349357,-502.58630938831817,-537.9920298058054,-423.6811475591879
U,QL-L3,L10-05-7,LEF-1-7,-650.3261066572679,-310.3491662627756,-730.2291729313478,-390.25223253685544,-673.660630436424,-446.8207750317793,-593.7575641623441,-366.9177087576995,-650.4149369466545,-311.2582404183387,-729.3200987757848,-390.163402247469,-673.5718001470375,-445.9117008762164,-594.6666383179071,-367.0065390470861
U,QL-L3,L10-05-6,LEF-1-7,-707.0007151693696,-253.67455775067384,-786.9037814434496,-333.5776240247537,-730.3352389485258,-390.1461665196775,-650.4321726744458,-310.24310024559765,-707.0895454587563,-254.58363190623686,-785.9947072878867,-333.48879373536715,-730.2464086591392,-389.2370923641146,-651.3412468300089,-310.3319305349843
U,QL-L3,L10-05-5,LEF-1-7,-763.6753236814715,-196.99994923857201,-843.5783899555513,-276.90301551265185,-787.0098474606276,-333.4715580075757,-707.1067811865477,-253.56849173349585,-763.7641539708582,-197.90902339413503,-842.6693157999885,-276.8141852232653,-786.9210171712411,-332.56248385201275,-708.0158553421107,-253.65732202288243
U,QL-L3,L10-05-4,LEF-1-7,-820.3499321935733,-140.32534072647024,-900.2529984676531,-220.22840700055008,-843.6844559727293,-276.7969494954739,-763.7813896986495,-196.89388322139405,-820.4387624829599,-141.23441488203326,-899.3439243120902,-220.13957671116356,-843.5956256833429,-275.887875339911,-764.6904638542126,-196.98271351078068
U,QL-L3,L10-05-3,LEF-1-7,-877.024540705675,-83.65073221436847,-956.927606979755,-163.5537984884483,-900.3590644848312,-220.1223409833721,-820.4559982107512,-140.21927470929228,-877.1133709950616,-84.5598063699315,-956.0185328241919,-163.4649681990618,-900.2702341954446,-219.21326682780926,-821.3650723663142,-140.30810499867897
U,QL-L3,L10-05-2,LEF-1-7,-933.6991492177768,-26.97612370226659,-1013.6022154918567,-106.87918997634642,-957.0336729969329,-163.44773247127023,-877.130606722853,-83.5446661971904,-933.7879795071635,-27.885197857829667,-1012.6931413362938,-106.79035968695996,-956.9448427075464,-162.53865831570738,-878.039680878416,-83.63349648657709
U,QL-L3,L10-05-1,LEF-1-7,-990.3737577298787,29.69848480983518,-1070.2768240039586,-50.204581464244654,-1013.7082815090347,-106.77312395916846,-933.8052152349549,-26.870057685088625,-990.4625880192652,28.789410654272103,-1069.3677498483955,-50.11575117485819,-1013.6194512196482,-105.86404980360561,-934.7142893905178,-26.958887974475317
U,QL-L3,L10-05-0,LEF-1-7,-1047.0483662419804,86.37309332193695,-1126.9514325160603,6.470027047857116,-1070.3828900211365,-50.09851544706669,-990.4798237470566,29.804550827013145,-1047.137196531367,85.46401916637387,-1126.0423583604975,6.55885733724358,-1070.29405973175,-49.18944129150384,-991.3888979026195,29.715720537626453
U,QL-L3,L08-08-7,LEF-1-8,-617.0213772633815,-503.7428709172964,-696.9244435374613,-583.6459371913763,-640.3559010425375,-640.2144796863001,-560.4528347684577,-560.3114134122202,-617.1102075527681,-504.6519450728594,-696.0153693818984,-583.5571069019896,-640.2670707531511,-639.3054055307371,-561.3619089240208,-560.4002437016068
U,QL-L3,L08-08-6,LEF-1-8,-673.6959857754833,-447.06826240519456,-753.5990520495632,-526.9713286792745,-697.0305095546394,-583.5398711741983,-617.1274432805595,-503.63680490011836,-673.7848160648699,-447.97733656075764,-752.6899778940002,-526.8824983898879,-696.9416792652528,-582.6307970186353,-618.0365174361225,-503.725635189505
U,QL-L3,L08-08-5,LEF-1-8,-730.370594287585,-390.39365389309273,-810.2736605616649,-470.2967201671727,-753.7051180667411,-526.8652626620965,-673.8020517926612,-446.9621963880166,-730.4594245769717,-391.3027280486558,-809.364586406102,-470.2078898777861,-753.6162877773546,-525.9561885065335,-674.7111259482243,-447.05102667740323
U,QL-L3,L08-08-4,LEF-1-8,-787.0452027996869,-333.71904538099096,-866.9482690737667,-413.6221116550709,-810.3797265788429,-470.1906541499947,-730.4766603047631,-390.28758787591477,-787.1340330890735,-334.628119536554,-866.0391949182037,-413.5332813656843,-810.2908962894564,-469.2815799944317,-731.3857344603261,-390.3764181653014
U,QL-L3,L08-08-3,LEF-1-8,-843.7198113117886,-277.04443686888914,-923.6228775858685,-356.9475031429691,-867.0543350909447,-413.51604563789294,-787.1512688168649,-333.612979363813,-843.8086416011753,-277.95351102445215,-922.7138034303056,-356.85867285358245,-866.9655048015582,-412.60697148232987,-788.0603429724279,-333.7018096531996
U,QL-L3,L08-08-2,LEF-1-8,-900.3944198238904,-220.36982835678737,-980.2974860979702,-300.2728946308673,-923.7289436030464,-356.8414371257911,-843.8258773289666,-276.93837085171117,-900.4832501132771,-221.27890251235038,-979.3884119424074,-300.1840643414807,-923.64011331366,-355.9323629702281,-844.7349514845297,-277.0272011410978
U,QL-L3,L08-08-1,LEF-1-8,-957.0690283359922,-163.6952198446856,-1036.972094610072,-243.59828611876554,-980.4035521151482,-300.16682861368935,-900.5004858410684,-220.2637623396094,-957.1578586253788,-164.60429400024861,-1036.0630204545091,-243.5094558293789,-980.3147218257616,-299.2577544581264,-901.4095599966313,-220.3525926289961
U,QL-L3,L08-08-0,LEF-1-8,-1013.743636848094,-107.02061133258371,-1093.646703122174,-186.92367760666366,-1037.07816062725,-243.49222010158746,-957.1750943531702,-163.58915382750752,-1013.8324671374806,-107.92968548814679,-1092.7376289666108,-186.83484731727708,-1036.9893303378635,-242.5831459460245,-958.0841685087332,-163.6779841168942
U,QL-L3,L08-07-7,LEF-1-9,-697.0658648936987,-583.7873585476136,-776.9689311677786,-663.6904248216935,-720.4003886728548,-720.2589673166173,-640.4973223987749,-640.3559010425374,-697.1546951830852,-584.6964327031766,-776.0598570122156,-663.6015945323069,-720.3115583834683,-719.3498931610543,-641.4063965543379,-640.444731331924
U,QL-L3,L08-07-6,LEF-1-9,-753.7404734058006,-527.1127500355118,-833.6435396798804,-607.0158163095916,-777.0749971849566,-663.5843588045154,-697.1719309108768,-583.6812925304356,-753.829303695187,-528.0218241910749,-832.7344655243174,-606.9269860202052,-776.98616689557,-662.6752846489526,-698.0810050664396,-583.7701228198223
U,QL-L3,L08-07-5,LEF-1-9,-810.4150819179023,-470.43814152340997,-890.3181481919821,-550.3412077974898,-833.7496056970583,-606.9097502924136,-753.8465394229785,-527.0066840183338,-810.5039122072887,-471.34721567897304,-889.4090740364193,-550.2523775081033,-833.6607754076718,-606.0006761368508,-754.7556135785414,-527.0955143077205
U,QL-L3,L08-07-4,LEF-1-9,-867.0896904300041,-413.7635330113082,-946.992756704084,-493.66659928538803,-890.4242142091601,-550.2351417803118,-810.5211479350803,-470.332075506232,-867.1785207193907,-414.6726071668712,-946.083682548521,-493.5777689960015,-890.3353839197737,-549.3260676247489,-811.4302220906432,-470.42090579561864
U,QL-L3,L08-07-3,LEF-1-9,-923.7642989421058,-357.08892449920637,-1003.6673652161858,-436.9919907732862,-947.098822721262,-493.56053326821007,-867.1957564471821,-413.65746699413023,-923.8531292314924,-357.9979986547694,-1002.7582910606228,-436.9031604838997,-947.0099924318754,-492.6514591126471,-868.1048306027451,-413.7462972835168
U,QL-L3,L08-07-2,LEF-1-9,-980.4389074542077,-300.4143159871046,-1060.3419737282875,-380.31738226118443,-1003.7734312333637,-436.88592475610824,-923.8703649592838,-356.9828584820284,-980.5277377435941,-301.3233901426676,-1059.4328995727246,-380.2285519717979,-1003.6846009439772,-435.97685060054533,-924.7794391148468,-357.07168877141504
U,QL-L3,L08-07-1,LEF-1-9,-1037.1135159663095,-243.73970747500283,-1117.0165822403892,-323.64277374908266,-1060.4480397454654,-380.21131624400647,-980.5449734713857,-300.30824996992664,-1037.2023462556958,-244.64878163056585,-1116.1075080848263,-323.55394345969614,-1060.3592094560788,-379.3022420884436,-981.4540476269485,-300.3970802593133
U,QL-L3,L08-07-0,LEF-1-9,-1093.7881244784112,-187.06509896290095,-1173.6911907524911,-266.9681652369808,-1117.1226482575673,-323.5367077319046,-1037.2195819834874,-243.63364145782475,-1093.8769547677978,-187.97417311846402,-1172.782116596928,-266.8793349475943,-1117.0338179681808,-322.62763357634174,-1038.1286561390502,-243.72247174721144
U,QL-R2,L12-04-11,LEF-3-1,19.79898987322335,140.14856403117372,-60.104076400856535,60.24549775709386,-3.5355339059327373,3.67695526217004,76.36753236814715,83.58002153624992,19.71015958383679,139.2394898756108,-59.19500224529358,60.334328046480415,-3.446703616546177,4.586029417732993,75.45845821258419,83.49119124686335
U,QL-R2,L12-04-10,LEF-3-1,-36.875618638878436,196.82317254327552,-116.77868491295833,116.92010626919564,-60.21014241803452,60.35156377427184,19.69292385604536,140.25463004835171,-36.964448928264986,195.91409838771256,-115.86961075739536,117.00893655858219,-60.12131212864795,61.260637929834786,18.78384970048242,140.16579975896514
U,QL-R2,L12-04-9,LEF-3-1,-93.55022715098022,253.49778105537735,-173.4532934250601,173.59471478129745,-116.8847509301363,117.02617228637364,-36.981684656056416,196.9292385604535,-93.63905744036676,252.58870689981435,-172.54421926949712,173.683545070684,-116.79592064074974,117.93524644193657,-37.890758811619364,196.84040827106693
U,QL-R2,L12-04-8,LEF-3-1,-150.224835663082,310.1723895674791,-230.12790193716188,230.26932329339925,-173.5593594422381,173.70078079847545,-93.65629316815821,253.6038470725553,-150.31366595246857,309.2633154119162,-229.21882778159895,230.35815358278583,-173.47052915285153,174.6098549540384,-94.56536732372116,253.51501678316876
U,QL-R2,L12-04-7,LEF-3-1,-206.89944417518382,366.84699807958094,-286.8025104492637,286.94393180550105,-230.2339679543399,230.37538931057725,-150.33090168026,310.27845558465714,-206.9882744645704,365.937923924018,-285.89343629370074,287.03276209488763,-230.14513766495335,231.28446346614027,-151.23997583582297,310.1896252952706
U,QL-R2,L12-04-6,LEF-3-1,-263.5740526872856,423.52160659168277,-343.4771189613655,343.6185403176029,-286.9085764664417,287.049997822679,-207.00551019236178,366.9530640967589,-263.66288297667217,422.6125324361198,-342.5680448058025,343.70737060698946,-286.8197461770551,287.95907197824204,-207.91458434792474,366.8642338073724
U,QL-R2,L12-04-5,LEF-3-1,-320.24866119938736,480.19621510378454,-400.15172747346725,400.29314882970465,-343.58318497854344,343.72460633478084,-263.68011870446355,423.62767260886073,-320.3374914887739,479.2871409482215,-399.2426533179042,400.38197911909117,-343.4943546891568,344.63368049034375,-264.58919286002646,423.5388423194741
U,QL-R2,L12-04-4,LEF-3-1,-376.9232697114892,536.8708236158864,-456.8263359855691,456.9677573418065,-400.25779349064527,400.39921484688267,-320.3547272165654,480.30228112096256,-377.0121000008757,535.9617494603234,-455.91726183000605,457.05658763119305,-400.16896320125863,401.3082890024456,-321.2638013721283,480.2134508315759
U,QL-R2,L12-04-3,LEF-3-1,-433.59787822359095,593.5454321279881,-513.5009444976708,513.6423658539082,-456.93240200274704,457.07382335898444,-377.02933572866715,536.9768896330643,-433.6867085129775,592.6363579724251,-512.5918703421079,513.7311961432947,-456.8435717133604,457.9828975145474,-377.93840988423005,536.8880593436777
U,QL-R2,L12-04-2,LEF-3-1,-490.27248673569267,650.2200406400899,-570.1755530097726,570.3169743660101,-513.6070105148488,513.7484318710863,-433.70394424076886,593.6514981451661,-490.3613170250792,649.310966484527,-569.2664788542096,570.4058046553965,-513.5181802254622,514.6575060266491,-434.61301839633177,593.5626678557795
U,QL-R2,L12-04-1,LEF-3-1,-546.9470952477946,706.8946491521916,-626.8501615218744,626.9915828781118,-570.2816190269506,570.423040383188,-490.3785527528707,650.3261066572678,-547.035925537181,705.9855749966288,-625.9410873663114,627.0804131674984,-570.192788737564,571.3321145387508,-491.2876269084336,650.2372763678812
U,QL-R2,L12-04-0,LEF-3-1,-603.6217037598963,763.5692576642936,-683.5247700339762,683.6661913902137,-626.9562275390524,627.0976488952899,-547.0531612649725,707.0007151693698,-603.7105340492828,762.6601835087306,-682.6156958784132,683.7550216796002,-626.8673972496658,628.0067230508528,-547.9622354205354,706.9118848799832
U,QL-R2,L12-10-11,LEF-3-2,103.37901140947329,216.65751775555816,23.475945135393417,136.7544514814783,80.04448763031722,80.18590898655448,159.9475539043971,160.08897526063436,103.29018112008674,215.7484435999952,24.38501929095637,136.84328177086485,80.13331791970377,81.09498314211744,159.03847974883416,160.00014497124778
U,QL-R2,L12-10-10,LEF-3-2,46.70440289737151,273.33212626766,-33.19866337670837,193.4290599935801,23.36987911821543,136.8605174986563,103.2729453922953,216.76358377273615,46.61557260798497,272.423052112097,-32.289589221145405,193.51789028296665,23.458709407602,137.76959165421923,102.36387123673238,216.67475348334958
U,QL-R2,L12-10-9,LEF-3-2,-9.970205614730276,330.0067347797618,-89.87327188881015,250.10366850568192,-33.30472939388635,193.5351260107581,46.59833688019353,273.43819228483795,-10.059035904116797,329.0976606241988,-88.96419773324718,250.19249879506845,-33.21589910449978,194.44420016632102,45.689262724630595,273.3493619954514
U,QL-R2,L12-10-8,LEF-3-2,-66.64481412683205,386.6813432918636,-146.54788040091194,306.7782770177837,-89.97933790598815,250.2097345228599,-10.07627163190827,330.1128007969398,-66.73364441621862,385.7722691363006,-145.638806245349,306.8671073071703,-89.89050761660158,251.11880867842285,-10.985345787471203,330.0239705075532
U,QL-R2,L12-10-7,LEF-3-2,-123.31942263893384,443.3559518039654,-203.2224889130137,363.4528855298855,-146.65394641808996,306.8843430349617,-66.75088014401007,386.78740930904155,-123.4082529283204,442.44687764840245,-202.31341475745077,363.5417158192721,-146.5651161287034,307.7934171905247,-67.65995429957303,386.6985790196551
U,QL-R2,L12-10-6,LEF-3-2,-179.9940311510356,500.0305603160672,-259.8970974251155,420.1274940419873,-203.32855493019167,363.5589515470635,-123.42548865611181,443.4620178211434,-180.08286144042216,499.1214861605042,-258.9880232695525,420.21632433137387,-203.23972464080518,364.46802570262645,-124.3345628116748,443.3731875317568
U,QL-R2,L12-10-5,LEF-3-2,-236.66863966313738,556.705168828169,-316.57170593721725,476.80210255408906,-260.00316344229344,420.23356005916526,-180.10009716821358,500.13662633324515,-236.75746995252388,555.7960946726059,-315.6626317816542,476.89093284347564,-259.9143331529068,421.14263421472816,-181.00917132377646,500.0477960438585
U,QL-R2,L12-10-4,LEF-3-2,-293.3432481752392,613.3797773402708,-373.2463144493191,533.476711066191,-316.67777195439527,476.90816857126714,-236.7747056803154,556.811234845347,-293.43207846462576,612.4707031847079,-372.33724029375617,533.5655413555775,-316.58894166500875,477.81724272683005,-237.68377983587834,556.7224045559603
U,QL-R2,L12-10-3,LEF-3-2,-350.017856687341,670.0543858523727,-429.92092296142084,590.1513195782927,-373.35238046649704,533.5827770833689,-293.4493141924172,613.4858433574489,-350.10668697672753,669.1453116968096,-429.0118488058579,590.2401498676793,-373.26355017711046,534.4918512389318,-294.3583883479801,613.3970130680622
U,QL-R2,L12-10-2,LEF-3-2,-406.69246519944284,726.7289943644744,-486.59553147352267,646.8259280903945,-430.0269889785988,590.2573855954707,-350.1239227045189,670.1604518695506,-406.7812954888293,725.8199202089113,-485.6864573179597,646.914758379781,-429.9381586892122,591.1664597510336,-351.0329968600818,670.071621580164
U,QL-R2,L12-10-1,LEF-3-2,-463.36707371154455,783.4036028765762,-543.2701399856244,703.5005366024964,-486.7015974907006,646.9319941075726,-406.79853121662074,726.8350603816524,-463.455904000931,782.4945287210132,-542.3610658300614,703.5893668918828,-486.612767201314,647.8410682631354,-407.7076053721836,726.7462300922657
U,QL-R2,L12-10-0,LEF-3-2,-520.0416822236464,840.078211388678,-599.9447484977262,760.1751451145982,-543.3762060028024,703.6066026196744,-463.4731397287226,783.5096688937542,-520.1305125130328,839.169137233115,-599.0356743421632,760.2639754039847,-543.2873757134158,704.5156767752372,-464.3822138842854,783.4208386043676
U,QL-R2,L12-34-11,LEF-3-3,183.4234990397905,296.70200538587534,103.52043276571061,216.79893911179545,160.0889752606344,160.23039661687164,239.9920415347143,240.1334628909515,183.33466875040392,295.7929312303124,104.42950692127354,216.88776940118203,160.17780555002096,161.13947077243458,239.08296737915134,240.04463260156496
U,QL-R2,L12-34-10,LEF-3-3,126.74889052768872,353.3766138979771,46.845824253608825,273.4735476238973,103.41436674853261,216.90500512897344,183.3174330226125,296.8080714030533,126.66006023830215,352.46753974241415,47.75489840917177,273.5623779132838,103.50319703791918,217.81407928453638,182.40835886704957,296.7192411136668
U,QL-R2,L12-34-9,LEF-3-3,70.07428201558693,410.05122241007894,-9.82878425849296,330.1481561359991,46.739758236430845,273.57961364107524,126.64282451051074,353.48267991515513,69.98545172620038,409.142148254516,-8.919710102929997,330.23698642538557,46.828588525817395,274.48868779663815,125.73375035494777,353.39384962576855
U,QL-R2,L12-34-8,LEF-3-3,13.399673503485161,466.72583092218076,-66.50339277059473,386.8227646481009,-9.934850275670954,330.25422215317707,69.96821599840894,410.15728842725696,13.310843214098554,465.8167567666178,-65.59431861503182,386.9115949374874,-9.846019986284404,331.16329630874,69.05914184284597,410.0684581378704
U,QL-R2,L12-34-7,LEF-3-3,-43.27493500861664,523.4004394342826,-123.17800128269653,443.4973731602027,-66.60945878777275,386.92883066527884,13.293607486307138,466.8318969393587,-43.363765298003216,522.4913652787196,-122.2689271271336,443.5862034495892,-66.52062849838623,387.83790482084186,12.384533330744148,466.7430666499722
U,QL-R2,L12-34-6,LEF-3-3,-99.94954352071841,580.0750479463843,-179.8526097947983,500.17198167230447,-123.2840672998745,443.60343917738066,-43.3810010257946,523.5065054514605,-100.03837381010499,579.1659737908215,-178.94353563923536,500.26081196169105,-123.195237010488,444.5125133329436,-44.29007518135762,523.4176751620739
U,QL-R2,L12-34-5,LEF-3-3,-156.62415203282018,636.7496564584861,-236.52721830690007,556.8465901844063,-179.95867581197626,500.27804768948243,-100.05560953789637,580.1811139635623,-156.7129823222067,635.8405823029232,-235.61814415133708,556.9354204737928,-179.86984552258966,501.18712184504534,-100.96468369345928,580.0922836741756
U,QL-R2,L12-34-4,LEF-3-3,-213.298760544922,693.424264970588,-293.2018268190019,613.5211986965081,-236.6332843240781,556.9526562015843,-156.7302180499982,636.8557224756642,-213.38759083430858,692.515190815025,-292.29275266343893,613.6100289858946,-236.54445403469154,557.8617303571472,-157.63929220556116,636.7668921862776
U,QL-R2,L12-34-3,LEF-3-3,-269.9733690570238,750.0988734826898,-349.87643533110366,670.19580720861,-293.30789283617986,613.6272647136861,-213.40482656209997,693.530330987766,-270.06219934641035,749.1897993271268,-348.96736117554076,670.2846374979964,-293.21906254679334,614.536338869249,-214.31390071766293,693.4415006983793
U,QL-R2,L12-34-2,LEF-3-3,-326.6479775691256,806.7734819947915,-406.5510438432055,726.8704157207117,-349.98250134828163,670.3018732257879,-270.07943507420174,750.2049394998677,-326.7368078585121,805.8644078392285,-405.6419696876425,726.9592460100981,-349.89367105889505,671.2109473813507,-270.98850922976465,750.1161092104811
U,QL-R2,L12-34-1,LEF-3-3,-383.3225860812273,863.4480905068933,-463.2256523553072,783.5450242328135,-406.6571098603834,726.9764817378897,-326.7540435863035,806.8795480119695,-383.41141637061384,862.5390163513304,-462.3165781997442,783.6338545222,-406.56827957099676,727.8855558934525,-327.6631177418664,806.7907177225829
U,QL-R2,L12-34-0,LEF-3-3,-439.99719459332914,920.1226990189951,-519.9002608674091,840.2196327449153,-463.3317183724852,783.6510902499915,-383.42865209840534,863.5541565240713,-440.08602488271566,919.2136248634322,-518.991186711846,840.3084630343018,-463.2428880830986,784.5601644055544,-384.33772625396824,863.4653262346848
U,QL-R2,L12-02-11,LEF-3-4,263.46798667010773,376.7464930161925,183.56492039602784,296.8434267421127,240.13346289095165,240.27488424718885,320.03652916503154,320.1779505212687,263.37915638072116,375.83741886062955,184.47399455159078,296.9322570314992,240.2222931803382,241.18395840275178,319.1274550094686,320.08912023188213
U,QL-R2,L12-02-10,LEF-3-4,206.79337815800596,433.42110152829434,126.89031188392606,353.51803525421445,183.45885437884985,296.94949275929065,263.36192065292977,376.85255903337054,206.7045478686194,432.5120273727314,127.79938603948901,353.606865543601,183.5476846682364,297.8585669148536,262.4528464973668,376.76372874398396
U,QL-R2,L12-02-9,LEF-3-4,150.11876964590417,490.09571004039617,70.21570337182428,410.1926437663163,126.78424586674808,353.6241012713925,206.68731214082797,433.5271675454723,150.02993935651762,489.18663588483315,71.12477752738724,410.2814740557028,126.87307615613463,354.5331754269554,205.778237985265,433.43833725608573
U,QL-R2,L12-02-8,LEF-3-4,93.4441611338024,546.7703185524979,13.541094859722506,466.86725227841805,70.10963735464628,410.29870978349425,150.01270362872617,490.20177605757414,93.35533084441579,545.861244396935,14.450169015285411,466.95608256780463,70.19846764403283,411.2077839390572,149.1036294731632,490.11294576818756
U,QL-R2,L12-02-7,LEF-3-4,36.7695526217006,603.4449270645998,-43.13351365237929,523.5418607905199,13.435028842544483,466.9733182955961,93.33809511662437,546.8763845696759,36.68072233231402,602.5358529090367,-42.22443949681636,523.6306910799065,13.523859131931005,467.88239245115903,92.42902096106138,546.7875542802894
U,QL-R2,L12-02-6,LEF-3-4,-19.905055890401172,660.1195355767015,-99.80812216448106,580.2164693026217,-43.23957966955726,523.6479268076979,36.66348660452263,603.5509930817777,-19.99388617978775,659.2104614211386,-98.89904800891813,580.3052995920082,-43.150749380170765,524.5570009632609,35.75441244895961,603.4621627923912
U,QL-R2,L12-02-5,LEF-3-4,-76.57966440250294,716.7941440888033,-156.48273067658283,636.8910778147234,-99.91418818165903,580.3225353197996,-20.01112190757914,660.2256015938794,-76.66849469188946,715.8850699332404,-155.57365652101984,636.97990810411,-99.82535789227242,581.2316094753626,-20.920196063142043,660.1367713044929
U,QL-R2,L12-02-4,LEF-3-4,-133.25427291460477,773.4687526009052,-213.15733918868466,693.5656863268254,-156.58879669376086,636.9971438319016,-76.68573041968097,716.9002101059814,-133.34310320399135,772.5596784453421,-212.24826503312173,693.6545166162118,-156.4999664043743,637.9062179874644,-77.59480457524393,716.8113798165948
U,QL-R2,L12-02-3,LEF-3-4,-189.92888142670654,830.1433611130069,-269.83194770078643,750.2402948389271,-213.26340520586263,693.6717523440033,-133.36033893178274,773.5748186180831,-190.01771171609312,829.2342869574439,-268.9228735452235,750.3291251283135,-213.17457491647608,694.5808264995662,-134.2694130873457,773.4859883286965
U,QL-R2,L12-02-2,LEF-3-4,-246.60348993880837,886.8179696251087,-326.50655621288826,806.9149033510289,-269.9380137179644,750.3463608561051,-190.0349474438845,830.2494271301849,-246.6923202281949,885.9088954695458,-325.59748205732524,807.0037336404154,-269.8491834285778,751.2554350116679,-190.9440215994474,830.1605968407982
U,QL-R2,L12-02-1,LEF-3-4,-303.2780984509101,943.4925781372106,-383.18116472498997,863.5895118631307,-326.61262223006617,807.0209693682069,-246.70955595598627,886.9240356422868,-303.3669287402966,942.5835039816475,-382.27209056942695,863.6783421525172,-326.52379194067953,807.9300435237698,-247.61863011154918,886.8352053529002
U,QL-R2,L12-02-0,LEF-3-4,-359.9527069630119,1000.1671866493124,-439.8557732370918,920.2641203752326,-383.287230742168,863.6955778803087,-303.3841644680881,943.5986441543886,-360.0415372523984,999.2581124937494,-438.9466990815288,920.352950664619,-383.19840045278136,864.6046520358716,-304.293238623651,943.5098138650019
U,QL-R2,L12-47-11,LEF-3-5,343.51247430042497,456.7909806465097,263.6094080263451,376.88791437242986,320.1779505212689,320.31937187750606,400.0810167953488,400.2224381515859,343.42364401103833,455.88190649094673,264.518482181908,376.9767446618164,320.2667808106554,321.22844603306896,399.17194263978575,400.1336078621993
U,QL-R2,L12-47-10,LEF-3-5,286.8378657883232,513.4655891586115,206.9347995142433,433.5625228845317,263.5033420091671,376.9939803896079,343.406408283247,456.8970466636877,286.74903549893656,512.5565150030485,207.84387366980621,433.6513531739182,263.59217229855363,377.9030545451708,342.497334127684,456.80821637430114
U,QL-R2,L12-47-9,LEF-3-5,230.1632572762214,570.1401976707133,150.2601910021415,490.23713139663346,206.82873349706531,433.66858890170965,286.73179977114523,513.5716551757895,230.0744269868348,569.2311235151503,151.16926515770444,490.32596168602,206.91756378645184,434.57766305727256,285.82272561558216,513.4828248864029
U,QL-R2,L12-47-8,LEF-3-5,173.48864876411963,626.8148061828151,93.58558249003974,546.9117399087353,150.15412498496352,490.3431974138115,230.0571912590434,570.2462636878913,173.39981847473297,625.9057320272522,94.49465664560262,547.0005701981217,150.24295527435004,491.2522715693744,229.1481171034804,570.1574333985047
U,QL-R2,L12-47-7,LEF-3-5,116.81404025201783,683.489414694917,36.91097397793794,603.5863484208371,93.47951647286172,547.0178059259133,173.3825827469416,626.9208721999931,116.7252099626312,682.580340539354,37.82004813350085,603.6751787102237,93.56834676224821,547.9268800814763,172.47350859137856,626.8320419106066
U,QL-R2,L12-47-6,LEF-3-5,60.13943173991606,740.1640232070188,-19.763634534163828,660.2609569329388,36.80490796075998,603.692414438015,116.70797423483987,683.595480712095,60.05060145052943,739.2549490514557,-18.854560378600922,660.3497872223254,36.89373825014644,604.601488593578,115.79890007927679,683.5066504227084
U,QL-R2,L12-47-5,LEF-3-5,3.4648232278142927,796.8386317191205,-76.4382430462656,716.9355654450407,-19.869700551341793,660.3670229501168,60.0333657227381,740.2700892241967,3.3759929384277143,795.9295575635575,-75.52916889070264,717.0243957344271,-19.780870261955215,661.2760971056797,59.124291567175135,740.1812589348101
U,QL-R2,L12-47-4,LEF-3-5,-53.209785284287534,853.5132402312224,-133.11285155836742,773.6101739571425,-76.54430906344362,717.0416314622187,3.35875721063627,796.9446977362986,-53.29861557367417,852.6041660756594,-132.20377740280452,773.6990042465291,-76.4554787740571,717.9507056177815,2.449683055073251,796.8558674469119
U,QL-R2,L12-47-3,LEF-3-5,-109.8843937963893,910.1878487433241,-189.7874600704692,830.2847824692443,-133.2189175755454,773.7162399743205,-53.3158513014655,853.6193062484003,-109.97322408577594,909.2787745877611,-188.8783859149063,830.3736127586308,-133.13008728615887,774.6253141298833,-54.22492545702852,853.5304759590138
U,QL-R2,L12-47-2,LEF-3-5,-166.55900230849113,966.8624572554259,-246.46206858257102,886.9593909813461,-189.89352608764716,830.3908484864223,-109.99045981356727,910.293914760502,-166.6478325978777,965.9533830998629,-245.55299442700806,887.0482212707325,-189.80469579826058,831.2999226419852,-110.89953396913023,910.2050844711155
U,QL-R2,L12-47-1,LEF-3-5,-223.23361082059284,1023.5370657675278,-303.13667709467273,943.6339994934478,-246.56813459974893,887.065456998524,-166.66506832566904,966.968523272604,-223.32244110997942,1022.6279916119647,-302.2276029391098,943.7228297828344,-246.47930431036235,887.9745311540869,-167.574142481232,966.8796929832173
U,QL-R2,L12-47-0,LEF-3-5,-279.90821933269467,1080.2116742796295,-359.81128560677456,1000.3086080055498,-303.24274311185076,943.740065510626,-223.33967683777087,1023.6431317847057,-279.99704962208125,1079.3026001240664,-358.9022114512116,1000.3974382949361,-303.1539128224642,944.6491396661888,-224.24875099333383,1023.5543014953191
U,QL-R2,L10-08-9,LEF-3-6,423.5569619307421,536.8354682768269,343.6538956566622,456.932402002747,400.222438151586,400.3638595078232,480.1255044256659,480.26692578190307,423.4681316413555,535.9263941212639,344.5629698122251,457.0212322921335,400.3112684409725,401.2729336633861,479.21643027010293,480.17809549251643
U,QL-R2,L10-08-8,LEF-3-6,366.8823534186403,593.5100767889287,286.97928714456043,513.6070105148488,343.54782963948423,457.038468019925,423.4508959135641,536.9415342940049,366.79352312925374,592.6010026333656,287.88836130012334,513.6958408042353,343.63665992887076,457.9475421754879,422.54182175800116,536.8527040046182
U,QL-R2,L10-08-7,LEF-3-6,310.20774490653855,650.1846853010305,230.30467863245863,570.2816190269506,286.8732211273824,513.7130765320268,366.77628740146235,593.6161428061067,310.118914617152,649.2756111454675,231.21375278802157,570.370449316337,286.962051416769,514.6221506875897,365.8672132458994,593.52731251672
U,QL-R2,L10-08-6,LEF-3-6,253.53313639443675,706.8592938131324,173.63007012035686,626.9562275390524,230.19861261528064,570.3876850441286,310.1016788893605,650.2907513182085,253.44430610505015,705.9502196575693,174.53914427591974,627.045057828439,230.28744290466716,571.2967591996915,309.19260473379757,650.2019210288219
U,QL-R2,L10-08-5,LEF-3-6,196.85852788233495,763.5339023252341,116.95546160825506,683.6308360511542,173.52400410317884,627.0622935562304,253.42707037725873,706.9653598303103,196.76969759294838,762.6248281696711,117.86453576381797,683.7196663405407,173.61283439256533,627.9713677117934,252.51799622169574,706.8765295409237
U,QL-R2,L10-08-4,LEF-3-6,140.18391937023318,820.2085108373359,60.280853096153294,740.3054445632561,116.8493955910771,683.7369020683323,196.752461865157,763.6399683424121,140.0950890808466,819.2994366817729,61.1899272517162,740.3942748526425,116.93822588046356,684.6459762238951,195.84338770959397,763.5511380530254
U,QL-R2,L10-08-3,LEF-3-6,83.50931085813141,876.8831193494377,3.606244584051524,796.9800530753578,60.17478707897533,740.411510580434,140.07785335305522,820.3145768545139,83.42048056874489,875.9740451938746,4.515318739614486,797.0688833647444,60.263617368361906,741.3205847359968,139.1687791974923,820.2257465651271
U,QL-R2,L10-08-2,LEF-3-6,26.834702346029587,933.5577278615395,-53.0683639280503,853.6546615874597,3.500178566873501,797.0861190925359,83.40324484095339,876.9891853666157,26.74587205664301,932.6486537059765,-52.1592897724874,853.7434918768461,3.5890088562600226,797.9951932480988,82.49417068539043,876.900355077229
U,QL-R2,L10-08-1,LEF-3-6,-29.839906166072183,990.2323363736414,-109.74297244015207,910.3292700995614,-53.17442994522827,853.7607276046376,26.72863632885162,933.6637938787176,-29.92873645545876,989.3232622180783,-108.83389828458917,910.4181003889479,-53.08559965584175,854.6698017602005,25.81956217328866,933.5749635893308
U,QL-R2,L10-08-0,LEF-3-6,-86.51451467817401,1046.906944885743,-166.4175809522539,967.0038786116631,-109.84903845733004,910.4353361167393,-29.94597218325015,990.3384023908193,-86.60334496756053,1045.99787073018,-165.50850679669094,967.0927089010497,-109.76020816794346,911.3444102723022,-30.855046338813054,990.2495721014326
U,QL-R2,L10-06-9,LEF-3-7,503.6014495610593,616.879955907144,423.69838328697944,536.9768896330642,480.26692578190324,480.40834713814036,560.1699920559831,560.3114134122202,503.5126192716727,615.9708817515811,424.60745744254234,537.0657199224507,480.35575607128976,481.31742129370326,559.26091790042,560.2225831228337
U,QL-R2,L10-06-8,LEF-3-7,446.92684104895756,673.5545644192458,367.02377477487767,593.651498145166,423.59231726980147,537.0829556502422,503.49538354388136,616.986021924322,446.8380107595709,672.6454902636829,367.93284893044057,593.7403284345525,423.681147559188,537.992029805805,502.58630938831834,616.8971916349354
U,QL-R2,L10-06-7,LEF-3-7,390.2522325368558,730.2291729313476,310.34916626277584,650.3261066572678,366.91770875769964,593.757564162344,446.8207750317796,673.6606304364238,390.16340224746915,729.3200987757847,311.2582404183388,650.4149369466543,367.0065390470862,594.6666383179069,445.9117008762165,673.5718001470373
U,QL-R2,L10-06-6,LEF-3-7,333.57762402475396,786.9037814434494,253.6745577506741,707.0007151693696,310.2431002455979,650.4321726744458,390.14616651967776,730.3352389485256,333.4887937353673,785.9947072878865,254.58363190623697,707.0895454587561,310.3319305349844,651.3412468300087,389.23709236411474,730.2464086591391
U,QL-R2,L10-06-5,LEF-3-7,276.9030155126522,843.5783899555513,196.9999492385723,763.6753236814714,253.56849173349607,707.1067811865476,333.47155800757594,787.0098474606274,276.81418522326555,842.6693157999883,197.9090233941352,763.7641539708579,253.65732202288257,708.0158553421105,332.5624838520129,786.9210171712409
U,QL-R2,L10-06-4,LEF-3-7,220.22840700055042,900.252998467653,140.32534072647053,820.3499321935732,196.89388322139433,763.7813896986494,276.7969494954742,843.6844559727292,220.13957671116378,899.3439243120902,141.23441488203343,820.4387624829596,196.9827135107808,764.6904638542123,275.88787533991115,843.5956256833426
U,QL-R2,L10-06-3,LEF-3-7,163.55379848844865,956.9276069797547,83.65073221436876,877.024540705675,140.21927470929256,820.4559982107512,220.12234098337245,900.3590644848309,163.46496819906207,956.0185328241919,84.55980636993172,877.1133709950615,140.30810499867914,821.365072366314,219.2132668278095,900.2702341954443
U,QL-R2,L10-06-2,LEF-3-7,106.87918997634682,1013.6022154918567,26.976123702266932,933.6991492177768,83.54466619719074,877.130606722853,163.44773247127063,957.0336729969329,106.79035968696019,1012.6931413362937,27.885197857829837,933.7879795071633,83.63349648657726,878.0396808784159,162.5386583157076,956.9448427075463
U,QL-R2,L10-06-1,LEF-3-7,50.20458146424505,1070.2768240039584,-29.698484809834838,990.3737577298787,26.870057685088966,933.8052152349549,106.77312395916886,1013.7082815090346,50.11575117485842,1069.3677498483955,-28.789410654271933,990.462588019265,26.958887974475488,934.7142893905177,105.86404980360584,1013.619451219648
U,QL-R2,L10-06-0,LEF-3-7,-6.4700270478567745,1126.9514325160603,-86.37309332193666,1047.0483662419804,-29.804550827012804,990.4798237470566,50.098515447067086,1070.3828900211365,-6.558857337243353,1126.0423583604972,-85.4640191663737,1047.137196531367,-29.715720537626225,991.3888979026194,49.189441291504124,1070.2940597317497
U,QL-R2,L08-15-7,LEF-3-8,583.6459371913764,696.9244435374612,503.7428709172966,617.0213772633813,560.3114134122204,560.4528347684575,640.2144796863003,640.3559010425374,583.55710690199,696.0153693818983,504.6519450728595,617.1102075527679,560.4002437016069,561.3619089240204,639.3054055307373,640.2670707531508
U,QL-R2,L08-15-6,LEF-3-8,526.9713286792746,753.599052049563,447.06826240519484,673.6959857754831,503.63680490011865,617.1274432805593,583.5398711741984,697.0305095546393,526.8824983898882,752.689977894,447.97733656075775,673.7848160648696,503.72563518950517,618.0365174361222,582.6307970186356,696.9416792652526
U,QL-R2,L08-15-5,LEF-3-8,470.2967201671729,810.2736605616649,390.3936538930931,730.3705942875849,446.9621963880169,673.8020517926611,526.8652626620967,753.7051180667411,470.2078898777864,809.3645864061018,391.302728048656,730.4594245769714,447.05102667740334,674.711125948224,525.9561885065337,753.6162877773544
U,QL-R2,L08-15-4,LEF-3-8,413.6221116550711,866.9482690737666,333.71904538099125,787.0452027996866,390.28758787591505,730.4766603047628,470.1906541499949,810.3797265788428,413.53328136568456,866.0391949182036,334.62811953655415,787.1340330890732,390.3764181653016,731.3857344603258,469.281579994432,810.2908962894562
U,QL-R2,L08-15-3,LEF-3-8,356.9475031429693,923.6228775858685,277.0444368688895,843.7198113117886,333.6129793638132,787.1512688168647,413.51604563789306,867.0543350909446,356.8586728535828,922.7138034303055,277.9535110244524,843.808641601175,333.70180965319975,788.0603429724276,412.60697148233015,866.965504801558
U,QL-R2,L08-15-2,LEF-3-8,300.27289463086754,980.2974860979702,220.3698283567877,900.3944198238903,276.9383708517115,843.8258773289665,356.84143712579134,923.7289436030464,300.184064341481,979.3884119424072,221.2789025123506,900.4832501132769,277.027201141098,844.7349514845293,355.9323629702284,923.6401133136599
U,QL-R2,L08-15-1,LEF-3-8,243.59828611876577,1036.972094610072,163.69521984468594,957.069028335992,220.26376233960974,900.5004858410682,300.1668286136896,980.4035521151482,243.5094558293793,1036.0630204545091,164.6042940002489,957.1578586253786,220.35259262899632,901.4095599966311,299.2577544581267,980.3147218257616
U,QL-R2,L08-15-0,LEF-3-8,186.92367760666394,1093.646703122174,107.02061133258411,1013.743636848094,163.58915382750791,957.1750943531702,243.49222010158775,1037.07816062725,186.83484731727742,1092.7376289666108,107.92968548814702,1013.8324671374804,163.67798411689444,958.084168508733,242.58314594602484,1036.9893303378635
U,QL-R2,L08-04-7,LEF-3-9,663.6904248216937,776.9689311677784,583.7873585476138,697.0658648936985,640.3559010425377,640.4973223987747,720.2589673166175,720.4003886728545,663.6015945323072,776.0598570122155,584.6964327031768,697.1546951830851,640.4447313319241,641.4063965543377,719.3498931610545,720.3115583834681
U,QL-R2,L08-04-6,LEF-3-9,607.0158163095919,833.6435396798802,527.112750035512,753.7404734058003,583.6812925304358,697.1719309108765,663.5843588045157,777.0749971849564,606.9269860202054,832.7344655243172,528.021824191075,753.8293036951868,583.7701228198224,698.0810050664394,662.6752846489528,776.9861668955698
U,QL-R2,L08-04-5,LEF-3-9,550.3412077974901,890.318148191982,470.4381415234103,810.4150819179022,527.0066840183341,753.8465394229784,606.909750292414,833.7496056970582,550.2523775081036,889.409074036419,471.3472156789732,810.5039122072886,527.0955143077206,754.7556135785412,606.000676136851,833.6607754076716
U,QL-R2,L08-04-4,LEF-3-9,493.6665992853883,946.9927567040838,413.7635330113085,867.0896904300039,470.3320755062323,810.5211479350801,550.2351417803121,890.42421420916,493.5777689960018,946.0836825485209,414.6726071668714,867.1785207193905,470.4209057956188,811.430222090643,549.3260676247492,890.3353839197734
U,QL-R2,L08-04-3,LEF-3-9,436.99199077328655,1003.6673652161855,357.0889244992067,923.7642989421058,413.65746699413046,867.1957564471819,493.5605332682103,947.0988227212617,436.9031604839,1002.7582910606227,357.9979986547696,923.8531292314923,413.746297283517,868.1048306027449,492.6514591126474,947.0099924318753
U,QL-R2,L08-04-2,LEF-3-9,380.3173822611848,1060.3419737282875,300.41431598710494,980.4389074542075,356.98285848202875,923.8703649592837,436.8859247561086,1003.7734312333636,380.22855197179825,1059.4328995727244,301.32339014266785,980.5277377435941,357.0716887714152,924.7794391148466,435.9768506005456,1003.6846009439771
U,QL-R2,L08-04-1,LEF-3-9,323.642773749083,1117.0165822403892,243.73970747500317,1037.1135159663093,300.308249969927,980.5449734713854,380.2113162440068,1060.4480397454654,323.55394345969654,1116.1075080848263,244.64878163056613,1037.2023462556958,300.39708025931355,981.4540476269483,379.30224208844396,1060.3592094560788
U,QL-R2,L08-04-0,LEF-3-9,266.9681652369812,1173.691190752491,187.06509896290135,1093.7881244784112,243.63364145782515,1037.2195819834874,323.536707731905,1117.122648257567,266.87933494759466,1172.782116596928,187.97417311846425,1093.8769547677975,243.72247174721167,1038.1286561390502,322.6276335763421,1117.0338179681808
U,QL-L1,L12-36-11,LEF-5-1,83.58002153624993,76.36753236814712,3.6769552621700425,-3.535533905932742,60.24549775709384,-60.104076400856556,140.14856403117372,19.798989873223313,83.49119124686337,75.45845821258418,4.5860294177329965,-3.4467036165461837,60.33432804648041,-59.19500224529361,139.2394898756108,19.71015958383675
U,QL-L1,L12-36-10,LEF-5-1,140.25463004835171,19.692923856045333,60.351563774271824,-60.210142418034536,116.92010626919561,-116.77868491295835,196.82317254327552,-36.87561863887848,140.16579975896514,18.783849700482378,61.26063792983477,-60.12131212864798,117.00893655858218,-115.86961075739542,195.91409838771256,-36.96444892826506
U,QL-L1,L12-36-9,LEF-5-1,196.92923856045348,-36.98168465605647,117.0261722863736,-116.88475093013635,173.5947147812974,-173.45329342506017,253.4977810553773,-93.55022715098029,196.84040827106693,-37.890758811619435,117.93524644193656,-116.7959206407498,173.68354507068398,-172.5442192694972,252.58870689981433,-93.63905744036686
U,QL-L1,L12-36-8,LEF-5-1,253.60384707255528,-93.65629316815829,173.7007807984754,-173.55935944223816,230.26932329339917,-230.12790193716197,310.17238956747906,-150.2248356630821,253.51501678316873,-94.56536732372123,174.60985495403835,-173.47052915285158,230.35815358278577,-229.218827781599,309.26331541191615,-150.31366595246865
U,QL-L1,L12-36-7,LEF-5-1,310.2784555846571,-150.33090168026007,230.3753893105772,-230.23396795433996,286.943931805501,-286.80251044926376,366.8469980795809,-206.89944417518387,310.1896252952705,-151.23997583582303,231.28446346614015,-230.14513766495338,287.0327620948875,-285.8934362937008,365.93792392401787,-206.98827446457045
U,QL-L1,L12-36-6,LEF-5-1,366.95306409675885,-207.00551019236184,287.04999782267896,-286.90857646644173,343.61854031760276,-343.4771189613656,423.52160659168266,-263.5740526872857,366.8642338073723,-207.9145843479248,287.9590719782419,-286.81974617705515,343.7073706069893,-342.5680448058026,422.61253243611964,-263.6628829766722
U,QL-L1,L12-36-5,LEF-5-1,423.6276726088606,-263.68011870446367,343.72460633478073,-343.58318497854356,400.29314882970453,-400.15172747346736,480.1962151037844,-320.24866119938747,423.53884231947404,-264.5891928600266,344.6336804903437,-343.494354689157,400.3819791190911,-399.24265331790446,479.28714094822146,-320.3374914887741
U,QL-L1,L12-36-4,LEF-5-1,480.30228112096245,-320.3547272165655,400.39921484688256,-400.2577934906454,456.96775734180636,-456.8263359855692,536.8708236158863,-376.9232697114893,480.2134508315759,-321.2638013721285,401.3082890024456,-400.16896320125886,457.056587631193,-455.9172618300063,535.9617494603234,-377.01210000087593
U,QL-L1,L12-36-3,LEF-5-1,536.9768896330643,-377.02933572866726,457.0738233589843,-456.93240200274715,513.6423658539081,-513.500944497671,593.5454321279881,-433.59787822359107,536.8880593436777,-377.9384098842303,457.9828975145473,-456.84357171336063,513.7311961432947,-512.5918703421081,592.6363579724251,-433.6867085129777
U,QL-L1,L12-36-2,LEF-5-1,593.651498145166,-433.7039442407691,513.748431871086,-513.607010514849,570.3169743660098,-570.1755530097728,650.2200406400898,-490.2724867356929,593.5626678557794,-434.6130183963321,514.657506026649,-513.5181802254625,570.4058046553964,-569.2664788542099,649.3109664845268,-490.36131702507953
U,QL-L1,L12-36-1,LEF-5-1,650.3261066572677,-490.3785527528708,570.4230403831879,-570.2816190269507,626.9915828781117,-626.8501615218745,706.8946491521915,-546.9470952477947,650.2372763678812,-491.2876269084338,571.3321145387508,-570.1927887375642,627.0804131674983,-625.9410873663116,705.9855749966287,-547.0359255371812
U,QL-L1,L12-36-0,LEF-5-1,707.0007151693696,-547.0531612649728,627.0976488952897,-626.9562275390526,683.6661913902135,-683.5247700339764,763.5692576642934,-603.6217037598966,706.9118848799831,-547.9622354205356,628.0067230508527,-626.867397249666,683.7550216796001,-682.6156958784136,762.6601835087305,-603.7105340492832
U,QL-L1,L12-38-11,LEF-5-2,160.08897526063438,159.94755390439707,80.18590898655452,80.04448763031718,136.75445148147833,23.475945135393374,216.6575177555582,103.37901140947325,160.00014497124786,159.03847974883408,81.09498314211747,80.13331791970374,136.84328177086488,24.385019290956315,215.74844359999526,103.29018112008666
U,QL-L1,L12-38-10,LEF-5-2,216.76358377273618,103.27294539229527,136.8605174986563,23.369879118215387,193.4290599935801,-33.198663376708424,273.33212626766,46.70440289737145,216.67475348334963,102.3638712367323,137.76959165421925,23.458709407601944,193.51789028296668,-32.28958922114549,272.423052112097,46.61557260798486
U,QL-L1,L12-38-9,LEF-5-2,273.43819228483795,46.59833688019346,193.53512601075806,-33.30472939388642,250.10366850568187,-89.87327188881024,330.00673477976176,-9.97020561473036,273.34936199545143,45.68926272463048,194.44420016632102,-33.21589910449987,250.19249879506845,-88.96419773324729,329.09766062419885,-10.05903590411694
U,QL-L1,L12-38-8,LEF-5-2,330.1128007969397,-10.076271631908355,250.2097345228599,-89.97933790598823,306.77827701778364,-146.54788040091205,386.6813432918635,-66.64481412683216,330.0239705075532,-10.985345787471317,251.11880867842282,-89.89050761660167,306.8671073071703,-145.6388062453491,385.7722691363006,-66.73364441621874
U,QL-L1,L12-38-7,LEF-5-2,386.78740930904155,-66.75088014401015,306.88434303496166,-146.65394641809002,363.45288552988546,-203.22248891301388,443.35595180396535,-123.31942263893399,386.69857901965497,-67.65995429957312,307.7934171905246,-146.56511612870347,363.541715819272,-202.31341475745086,442.4468776484024,-123.40825292832051
U,QL-L1,L12-38-6,LEF-5-2,443.46201782114326,-123.42548865611195,363.55895154706343,-203.32855493019184,420.12749404198723,-259.89709742511565,500.03056031606707,-179.99403115103576,443.37318753175674,-124.33456281167491,364.4680257026264,-203.23972464080526,420.2163243313738,-258.9880232695526,499.12148616050416,-180.08286144042228
U,QL-L1,L12-38-5,LEF-5-2,500.1366263332451,-180.10009716821378,420.23356005916526,-260.00316344229367,476.802102554089,-316.5717059372174,556.7051688281689,-236.66863966313753,500.04779604385857,-181.00917132377674,421.1426342147282,-259.9143331529071,476.89093284347564,-315.6626317816545,555.7960946726059,-236.75746995252416
U,QL-L1,L12-38-4,LEF-5-2,556.8112348453469,-236.7747056803156,476.908168571267,-316.6777719543955,533.4767110661908,-373.2463144493193,613.3797773402707,-293.3432481752394,556.7224045559603,-237.68377983587857,477.81724272683005,-316.5889416650089,533.5655413555775,-372.3372402937564,612.4707031847079,-293.43207846462604
U,QL-L1,L12-38-3,LEF-5-2,613.4858433574486,-293.4493141924174,533.5827770833688,-373.35238046649727,590.1513195782926,-429.92092296142107,670.0543858523724,-350.0178566873412,613.3970130680622,-294.35838834798034,534.4918512389318,-373.2635501771107,590.2401498676792,-429.01184880585816,669.1453116968096,-350.1066869767278
U,QL-L1,L12-38-2,LEF-5-2,670.1604518695505,-350.12392270451915,590.2573855954705,-430.02698897859904,646.8259280903944,-486.59553147352284,726.7289943644743,-406.69246519944295,670.071621580164,-351.03299686008216,591.1664597510336,-429.9381586892125,646.9147583797809,-485.68645731795993,725.8199202089113,-406.7812954888296
U,QL-L1,L12-38-1,LEF-5-2,726.8350603816522,-406.798531216621,646.9319941075723,-486.70159749070086,703.5005366024961,-543.2701399856246,783.403602876576,-463.3670737115448,726.7462300922657,-407.7076053721839,647.8410682631353,-486.6127672013142,703.5893668918827,-542.3610658300618,782.4945287210131,-463.4559040009314
U,QL-L1,L12-38-0,LEF-5-2,783.509668893754,-463.4731397287228,703.6066026196742,-543.3762060028026,760.175145114598,-599.9447484977264,840.0782113886778,-520.0416822236466,783.4208386043675,-464.3822138842858,704.5156767752371,-543.2873757134162,760.2639754039845,-599.0356743421636,839.169137233115,-520.1305125130332
U,QL-L1,L12-43-11,LEF-5-3,240.1334628909516,239.99204153471422,160.2303966168717,160.08897526063436,216.7989391117955,103.52043276571054,296.7020053858754,183.42349903979039,240.04463260156504,239.08296737915126,161.13947077243466,160.17780555002088,216.88776940118206,104.42950692127346,295.79293123031243,183.33466875040384
U,QL-L1,L12-43-10,LEF-5-3,296.80807140305336,183.31743302261242,216.9050051289735,103.41436674853256,273.4735476238973,46.84582425360874,353.37661389797717,126.7488905276886,296.7192411136668,182.40835886704946,217.81407928453643,103.5031970379191,273.56237791328385,47.75489840917166,352.4675397424142,126.66006023830204
U,QL-L1,L12-43-9,LEF-5-3,353.48267991515513,126.64282451051061,273.5796136410753,46.739758236430745,330.1481561359991,-9.828784258493073,410.05122241007894,70.07428201558679,353.3938496257686,125.73375035494766,274.4886877966382,46.82858852581728,330.2369864253856,-8.91971010293014,409.142148254516,69.98545172620024
U,QL-L1,L12-43-8,LEF-5-3,410.15728842725696,69.9682159984088,330.25422215317707,-9.934850275671067,386.8227646481008,-66.50339277059487,466.72583092218076,13.39967350348499,410.0684581378704,69.05914184284586,331.16329630874,-9.846019986284517,386.9115949374874,-65.59431861503194,465.8167567666178,13.31084321409844
U,QL-L1,L12-43-7,LEF-5-3,466.8318969393588,13.293607486306996,386.92883066527884,-66.60945878777287,443.49737316020264,-123.1780012826967,523.4004394342826,-43.274935008616836,466.7430666499722,12.384533330744063,387.8379048208418,-66.52062849838632,443.5862034495892,-122.26892712713371,522.4913652787195,-43.36376529800333
U,QL-L1,L12-43-6,LEF-5-3,523.5065054514605,-43.3810010257948,443.6034391773806,-123.28406729987466,500.1719816723044,-179.85260979479847,580.0750479463843,-99.9495435207186,523.4176751620739,-44.290075181357736,444.5125133329435,-123.19523701048811,500.26081196169093,-178.94353563923548,579.1659737908213,-100.0383738101051
U,QL-L1,L12-43-5,LEF-5-3,580.1811139635623,-100.05560953789663,500.27804768948243,-179.9586758119765,556.8465901844062,-236.52721830690024,636.749656458486,-156.62415203282038,580.0922836741757,-100.96468369345956,501.18712184504534,-179.86984552258994,556.9354204737928,-235.61814415133736,635.8405823029232,-156.71298232220698
U,QL-L1,L12-43-4,LEF-5-3,636.8557224756642,-156.73021804999846,556.9526562015842,-236.63328432407832,613.521198696508,-293.2018268190021,693.424264970588,-213.29876054492226,636.7668921862776,-157.6392922055614,557.8617303571472,-236.54445403469177,613.6100289858946,-292.2927526634393,692.515190815025,-213.38759083430887
U,QL-L1,L12-43-3,LEF-5-3,693.5303309877659,-213.40482656210023,613.6272647136859,-293.3078928361801,670.1958072086097,-349.8764353311039,750.0988734826897,-269.973369057024,693.4415006983793,-214.31390071766316,614.536338869249,-293.21906254679357,670.2846374979964,-348.967361175541,749.1897993271268,-270.06219934641064
U,QL-L1,L12-43-2,LEF-5-3,750.2049394998676,-270.079435074202,670.3018732257877,-349.98250134828186,726.8704157207117,-406.55104384320566,806.7734819947915,-326.6479775691258,750.1161092104811,-270.988509229765,671.2109473813507,-349.8936710588954,726.9592460100981,-405.6419696876428,805.8644078392285,-326.7368078585124
U,QL-L1,L12-43-1,LEF-5-3,806.8795480119694,-326.75404358630385,726.9764817378896,-406.6571098603837,783.5450242328134,-463.2256523553075,863.4480905068932,-383.32258608122766,806.7907177225829,-327.6631177418667,727.8855558934525,-406.5682795709971,783.6338545222,-462.31657819974464,862.5390163513302,-383.41141637061423
U,QL-L1,L12-43-0,LEF-5-3,863.5541565240712,-383.4286520984057,783.6510902499913,-463.3317183724855,840.2196327449151,-519.9002608674093,920.122699018995,-439.9971945933295,863.4653262346847,-384.33772625396864,784.5601644055544,-463.24288808309905,840.3084630343018,-518.9911867118465,919.2136248634322,-440.08602488271606
U,QL-L1,L12-35-11,LEF-5-4,320.1779505212688,320.0365291650314,240.27488424718894,240.13346289095156,296.84342674211274,183.56492039602773,376.74649301619263,263.4679866701076,320.08912023188225,319.12745500946846,241.1839584027519,240.22229318033808,296.9322570314993,184.47399455159066,375.83741886062967,263.37915638072104
U,QL-L1,L12-35-10,LEF-5-4,376.8525590333706,263.3619206529296,296.9494927592907,183.45885437884976,353.5180352542145,126.89031188392595,433.4211015282944,206.7933781580058,376.763728743984,262.45284649736664,297.85856691485367,183.5476846682363,353.6068655436011,127.79938603948887,432.51202737273144,206.70454786861922
U,QL-L1,L12-35-9,LEF-5-4,433.52716754547237,206.68731214082783,353.62410127139253,126.78424586674795,410.19264376631634,70.21570337182413,490.09571004039617,150.118769645904,433.43833725608584,205.77823798526484,354.53317542695544,126.87307615613449,410.28147405570286,71.12477752738707,489.1866358848332,150.02993935651742
U,QL-L1,L12-35-8,LEF-5-4,490.2017760575742,150.012703628726,410.2987097834943,70.10963735464614,466.86725227841805,13.541094859722335,546.770318552498,93.4441611338022,490.1129457681876,149.10362947316304,411.2077839390572,70.19846764403269,466.95608256780463,14.450169015285269,545.861244396935,93.35533084441562
U,QL-L1,L12-35-7,LEF-5-4,546.876384569676,93.3380951166242,466.9733182955961,13.435028842544341,523.5418607905199,-43.13351365237949,603.4449270645998,36.76955262170037,546.7875542802894,92.42902096106124,467.88239245115903,13.523859131930891,523.6306910799065,-42.2244394968165,602.5358529090367,36.68072233231385
U,QL-L1,L12-35-6,LEF-5-4,603.5509930817777,36.663486604522404,523.6479268076978,-43.23957966955746,580.2164693026216,-99.80812216448126,660.1195355767015,-19.9050558904014,603.4621627923912,35.75441244895944,524.5570009632607,-43.15074938017091,580.3052995920082,-98.89904800891827,659.2104614211386,-19.99388617978792
U,QL-L1,L12-35-5,LEF-5-4,660.2256015938796,-20.011121907579422,580.3225353197997,-99.91418818165928,636.8910778147234,-156.48273067658303,716.7941440888033,-76.57966440250317,660.136771304493,-20.920196063142384,581.2316094753626,-99.82535789227273,636.97990810411,-155.57365652102015,715.8850699332404,-76.6684946918898
U,QL-L1,L12-35-4,LEF-5-4,716.9002101059814,-76.68573041968125,636.9971438319014,-156.5887966937611,693.5656863268252,-213.15733918868492,773.4687526009052,-133.25427291460505,716.8113798165948,-77.59480457524421,637.9062179874644,-156.49996640437456,693.6545166162118,-212.24826503312204,772.5596784453422,-133.3431032039917
U,QL-L1,L12-35-3,LEF-5-4,773.5748186180831,-133.36033893178302,693.6717523440032,-213.26340520586288,750.240294838927,-269.8319477007867,830.1433611130069,-189.92888142670682,773.4859883286965,-134.26941308734598,694.5808264995662,-213.17457491647633,750.3291251283136,-268.9228735452238,829.234286957444,-190.01771171609346
U,QL-L1,L12-35-2,LEF-5-4,830.2494271301848,-190.0349474438848,750.346360856105,-269.9380137179646,806.9149033510289,-326.5065562128884,886.8179696251087,-246.6034899388086,830.1605968407983,-190.9440215994478,751.2554350116679,-269.84918342857816,807.0037336404154,-325.5974820573256,885.9088954695458,-246.69232022819523
U,QL-L1,L12-35-1,LEF-5-4,886.9240356422866,-246.70955595598662,807.0209693682068,-326.61262223006645,863.5895118631306,-383.18116472499025,943.4925781372104,-303.2780984509104,886.8352053529002,-247.61863011154952,807.9300435237698,-326.52379194067987,863.6783421525172,-382.2720905694274,942.5835039816475,-303.36692874029706
U,QL-L1,L12-35-0,LEF-5-4,943.5986441543885,-303.38416446808844,863.6955778803085,-383.2872307421683,920.2641203752323,-439.8557732370921,1000.1671866493123,-359.95270696301225,943.5098138650019,-304.29323862365146,864.6046520358716,-383.1984004527818,920.352950664619,-438.94669908152923,999.2581124937494,-360.0415372523989
U,QL-L1,L12-19-11,LEF-5-5,400.22243815158606,400.0810167953486,320.31937187750617,320.17795052126877,376.88791437243,263.60940802634497,456.79098064650987,343.5124743004248,400.1336078621994,399.17194263978564,321.2284460330691,320.2667808106553,376.9767446618165,264.51848218190787,455.88190649094685,343.4236440110382
U,QL-L1,L12-19-10,LEF-5-5,456.89704666368783,343.4064082832468,376.99398038960794,263.50334200916694,433.56252288453175,206.93479951424314,513.4655891586117,286.837865788323,456.8082163743012,342.4973341276838,377.90305454517085,263.59217229855346,433.65135317391827,207.84387366980604,512.5565150030486,286.7490354989364
U,QL-L1,L12-19-9,LEF-5-5,513.5716551757896,286.731799771145,433.66858890170977,206.82873349706517,490.2371313966336,150.26019100214134,570.1401976707134,230.16325727622117,513.482824886403,285.82272561558204,434.5776630572727,206.91756378645167,490.32596168602004,151.16926515770425,569.2311235151504,230.0744269868346
U,QL-L1,L12-19-8,LEF-5-5,570.2462636878914,230.05719125904318,490.34319741381154,150.15412498496335,546.9117399087353,93.58558249003954,626.8148061828152,173.48864876411938,570.1574333985047,229.14811710348022,491.25227156937444,150.24295527434987,547.0005701981219,94.49465664560245,625.9057320272523,173.3998184747328
U,QL-L1,L12-19-7,LEF-5-5,626.9208721999933,173.38258274694138,547.0178059259133,93.47951647286155,603.5863484208371,36.910973977937715,683.4894146949171,116.81404025201755,626.8320419106066,172.47350859137842,547.9268800814763,93.56834676224807,603.6751787102237,37.82004813350068,682.580340539354,116.72520996263103
U,QL-L1,L12-19-6,LEF-5-5,683.595480712095,116.70797423483958,603.692414438015,36.80490796075975,660.2609569329388,-19.763634534164055,740.1640232070188,60.13943173991578,683.5066504227084,115.79890007927662,604.601488593578,36.89373825014627,660.3497872223254,-18.854560378601093,739.2549490514557,60.05060145052926
U,QL-L1,L12-19-5,LEF-5-5,740.2700892241968,60.033365722737756,660.367022950117,-19.869700551342078,716.9355654450407,-76.43824304626582,796.8386317191205,3.4648232278140085,740.1812589348101,59.124291567174794,661.2760971056798,-19.780870261955556,717.0243957344272,-75.52916889070298,795.9295575635576,3.3759929384273732
U,QL-L1,L12-19-4,LEF-5-5,796.9446977362986,3.358757210635929,717.0416314622187,-76.5443090634439,773.6101739571425,-133.1128515583677,853.5132402312224,-53.209785284287875,796.855867446912,2.449683055072967,717.9507056177816,-76.45547877405738,773.6990042465291,-132.20377740280486,852.6041660756594,-53.29861557367451
U,QL-L1,L12-19-3,LEF-5-5,853.6193062484003,-53.31585130146584,773.7162399743204,-133.21891757554567,830.2847824692442,-189.78746007046948,910.1878487433241,-109.88439379638965,853.5304759590138,-54.2249254570288,774.6253141298835,-133.13008728615915,830.3736127586308,-188.87838591490663,909.2787745877612,-109.97322408577628
U,QL-L1,L12-19-2,LEF-5-5,910.293914760502,-109.99045981356761,830.3908484864222,-189.89352608764744,886.9593909813461,-246.46206858257125,966.862457255426,-166.55900230849142,910.2050844711155,-110.89953396913063,831.2999226419852,-189.80469579826098,887.0482212707325,-245.5529944270084,965.9533830998629,-166.64783259787805
U,QL-L1,L12-19-1,LEF-5-5,966.9685232726039,-166.66506832566944,887.065456998524,-246.56813459974927,943.6339994934478,-303.1366770946731,1023.5370657675277,-223.23361082059324,966.8796929832173,-167.57414248123234,887.9745311540869,-246.4793043103627,943.7228297828344,-302.2276029391102,1022.6279916119647,-223.32244110997988
U,QL-L1,L12-19-0,LEF-5-5,1023.6431317847057,-223.33967683777126,943.7400655106258,-303.2427431118511,1000.3086080055496,-359.8112856067749,1080.2116742796295,-279.90821933269507,1023.5543014953191,-224.24875099333428,944.6491396661888,-303.15391282246463,1000.3974382949361,-358.90221145121205,1079.3026001240664,-279.9970496220817
U,QL-L1,L10-10-9,LEF-5-6,480.2669257819032,480.1255044256658,400.3638595078233,400.2224381515859,456.9324020027471,343.6538956566621,536.835468276827,423.556961930742,480.1780954925166,479.21643027010276,401.2729336633862,400.3112684409724,457.0212322921336,344.562969812225,535.926394121264,423.46813164135534
U,QL-L1,L10-10-8,LEF-5-6,536.941534294005,423.45089591356395,457.03846801992506,343.54782963948406,513.6070105148489,286.97928714456026,593.5100767889288,366.88235341864015,536.8527040046184,422.54182175800094,457.94754217548797,343.6366599288706,513.6958408042354,287.88836130012317,592.6010026333659,366.7935231292535
U,QL-L1,L10-10-7,LEF-5-6,593.6161428061067,366.7762874014622,513.7130765320269,286.8732211273823,570.2816190269507,230.30467863245846,650.1846853010305,310.2077449065383,593.5273125167201,365.86721324589917,514.6221506875897,286.96205141676876,570.3704493163372,231.21375278802137,649.2756111454676,310.11891461715175
U,QL-L1,L10-10-6,LEF-5-6,650.2907513182085,310.10167888936036,570.3876850441286,230.19861261528047,626.9562275390524,173.63007012035666,706.8592938131324,253.53313639443655,650.201921028822,309.19260473379734,571.2967591996916,230.287442904667,627.045057828439,174.53914427591957,705.9502196575694,253.44430610504992
U,QL-L1,L10-10-5,LEF-5-6,706.9653598303104,253.42707037725856,627.0622935562304,173.52400410317867,683.6308360511542,116.95546160825484,763.5339023252341,196.85852788233473,706.8765295409238,252.51799622169554,627.9713677117934,173.6128343925652,683.7196663405407,117.8645357638178,762.6248281696712,196.76969759294815
U,QL-L1,L10-10-4,LEF-5-6,763.6399683424121,196.75246186515676,683.7369020683323,116.84939559107687,740.3054445632561,60.280853096153066,820.2085108373359,140.18391937023296,763.5511380530255,195.84338770959374,684.6459762238951,116.93822588046339,740.3942748526425,61.18992725171603,819.2994366817729,140.09508908084638
U,QL-L1,L10-10-3,LEF-5-6,820.3145768545139,140.07785335305493,740.411510580434,60.174787078975044,796.9800530753578,3.6062445840512964,876.8831193494377,83.50931085813119,820.2257465651273,139.16877919749192,741.3205847359969,60.263617368361565,797.0688833647444,4.515318739614145,875.9740451938748,83.4204805687445
U,QL-L1,L10-10-2,LEF-5-6,876.9891853666156,83.4032448409531,797.0861190925358,3.500178566873217,853.6546615874596,-53.06836392805059,933.5577278615394,26.834702346029303,876.9003550772292,82.49417068539009,797.9951932480988,3.5890088562597384,853.7434918768462,-52.15928977248774,932.6486537059766,26.74587205664261
U,QL-L1,L10-10-1,LEF-5-6,933.6637938787175,26.728636328851337,853.7607276046376,-53.17442994522855,910.3292700995614,-109.74297244015236,990.2323363736413,-29.839906166072467,933.574963589331,25.81956217328832,854.6698017602005,-53.08559965584203,910.418100388948,-108.83389828458951,989.3232622180783,-29.92873645545916
U,QL-L1,L10-10-0,LEF-5-6,990.3384023908193,-29.945972183250433,910.4353361167393,-109.84903845733032,967.0038786116631,-166.41758095225413,1046.906944885743,-86.51451467817424,990.2495721014327,-30.85504633881351,911.3444102723023,-109.76020816794386,967.0927089010497,-165.50850679669128,1045.99787073018,-86.60334496756093
U,QL-L1,L10-07-9,LEF-5-7,560.3114134122204,560.1699920559829,480.4083471381405,480.26692578190307,536.9768896330643,423.69838328697926,616.8799559071442,503.6014495610591,560.2225831228338,559.2609179004199,481.31742129370343,480.3557560712896,537.0657199224509,424.60745744254217,615.9708817515813,503.5126192716726
U,QL-L1,L10-07-8,LEF-5-7,616.9860219243222,503.4953835438811,537.0829556502423,423.59231726980124,593.6514981451661,367.02377477487744,673.554564419246,446.9268410489573,616.8971916349356,502.58630938831817,537.9920298058053,423.68114755918776,593.7403284345527,367.93284893044034,672.645490263683,446.83801075957075
U,QL-L1,L10-07-7,LEF-5-7,673.660630436424,446.8207750317793,593.7575641623441,366.9177087576995,650.3261066572679,310.3491662627756,730.2291729313478,390.25223253685544,673.5718001470374,445.9117008762164,594.666638317907,367.006539047086,650.4149369466544,311.2582404183386,729.3200987757848,390.163402247469
U,QL-L1,L10-07-6,LEF-5-7,730.3352389485258,390.1461665196775,650.4321726744458,310.24310024559765,707.0007151693696,253.67455775067384,786.9037814434496,333.5776240247537,730.2464086591392,389.2370923641146,651.3412468300088,310.33193053498417,707.0895454587562,254.58363190623675,785.9947072878865,333.48879373536715
U,QL-L1,L10-07-5,LEF-5-7,787.0098474606276,333.4715580075757,707.1067811865477,253.56849173349585,763.6753236814715,196.99994923857201,843.5783899555513,276.90301551265185,786.9210171712409,332.56248385201275,708.0158553421106,253.65732202288237,763.7641539708579,197.90902339413498,842.6693157999883,276.8141852232654
U,QL-L1,L10-07-4,LEF-5-7,843.6844559727293,276.7969494954739,763.7813896986495,196.89388322139405,820.3499321935733,140.32534072647024,900.2529984676531,220.22840700055008,843.5956256833426,275.887875339911,764.6904638542123,196.98271351078057,820.4387624829598,141.2344148820332,899.3439243120902,220.1395767111636
U,QL-L1,L10-07-3,LEF-5-7,900.3590644848312,220.12234098337206,820.4559982107512,140.21927470929222,877.024540705675,83.65073221436847,956.927606979755,163.5537984884483,900.2702341954446,219.21326682780915,821.3650723663142,140.30810499867874,877.1133709950616,84.55980636993132,956.0185328241919,163.46496819906173
U,QL-L1,L10-07-2,LEF-5-7,957.0336729969329,163.44773247127023,877.130606722853,83.5446661971904,933.6991492177768,26.97612370226659,1013.6022154918567,106.87918997634642,956.9448427075463,162.53865831570732,878.039680878416,83.63349648657692,933.7879795071634,27.88519785782944,1012.6931413362938,106.79035968695985
U,QL-L1,L10-07-1,LEF-5-7,1013.7082815090347,106.77312395916846,933.8052152349549,26.870057685088625,990.3737577298787,-29.69848480983518,1070.2768240039586,50.204581464244654,1013.6194512196481,105.86404980360555,934.7142893905177,26.958887974475147,990.4625880192652,-28.78941065427233,1069.3677498483955,50.115751174858076
U,QL-L1,L10-07-0,LEF-5-7,1070.3828900211365,50.09851544706669,990.4798237470566,-29.804550827013145,1047.0483662419804,-86.37309332193695,1126.9514325160603,-6.470027047857116,1070.29405973175,49.18944129150373,991.3888979026195,-29.71572053762668,1047.137196531367,-85.4640191663741,1126.0423583604972,-6.558857337243694
U,QL-L1,L08-06-7,LEF-5-8,640.3559010425375,640.2144796863001,560.4528347684577,560.3114134122202,617.0213772633815,503.7428709172964,696.9244435374613,583.6459371913763,640.2670707531511,639.3054055307371,561.3619089240207,560.4002437016067,617.1102075527681,504.6519450728593,696.0153693818985,583.5571069019896
U,QL-L1,L08-06-6,LEF-5-8,697.0305095546394,583.5398711741983,617.1274432805595,503.63680490011836,673.6959857754833,447.06826240519456,753.5990520495632,526.9713286792745,696.9416792652528,582.6307970186353,618.0365174361224,503.7256351895049,673.7848160648698,447.97733656075746,752.6899778940002,526.8824983898878
U,QL-L1,L08-06-5,LEF-5-8,753.7051180667411,526.8652626620965,673.8020517926612,446.9621963880166,730.370594287585,390.39365389309273,810.2736605616649,470.2967201671727,753.6162877773546,525.9561885065335,674.7111259482242,447.0510266774031,730.4594245769716,391.3027280486557,809.364586406102,470.2078898777861
U,QL-L1,L08-06-4,LEF-5-8,810.3797265788429,470.1906541499947,730.4766603047631,390.28758787591477,787.0452027996869,333.71904538099096,866.9482690737667,413.6221116550709,810.2908962894564,469.2815799944317,731.3857344603259,390.3764181653013,787.1340330890735,334.62811953655387,866.0391949182037,413.5332813656843
U,QL-L1,L08-06-3,LEF-5-8,867.0543350909447,413.51604563789294,787.1512688168649,333.612979363813,843.7198113117886,277.04443686888914,923.6228775858685,356.9475031429691,866.9655048015582,412.60697148232987,788.0603429724277,333.70180965319946,843.8086416011752,277.9535110244521,922.7138034303056,356.8586728535825
U,QL-L1,L08-06-2,LEF-5-8,923.7289436030464,356.8414371257911,843.8258773289666,276.93837085171117,900.3944198238904,220.36982835678737,980.2974860979702,300.2728946308673,923.6401133136599,355.9323629702281,844.7349514845296,277.0272011410977,900.4832501132769,221.27890251235033,979.3884119424074,300.18406434148073
U,QL-L1,L08-06-1,LEF-5-8,980.4035521151483,300.1668286136893,900.5004858410684,220.26376233960934,957.0690283359922,163.6952198446856,1036.972094610072,243.59828611876554,980.3147218257618,299.25775445812627,901.4095599966313,220.35259262899586,957.1578586253788,164.60429400024844,1036.0630204545091,243.50945582937885
U,QL-L1,L08-06-0,LEF-5-8,1037.07816062725,243.49222010158746,957.1750943531702,163.58915382750752,1013.743636848094,107.02061133258371,1093.646703122174,186.92367760666366,1036.9893303378635,242.58314594602444,958.0841685087332,163.67798411689404,1013.8324671374805,107.92968548814656,1092.737628966611,186.83484731727697
U,QL-L1,L08-02-7,LEF-5-9,720.4003886728548,720.2589673166173,640.4973223987749,640.3559010425374,697.0658648936987,583.7873585476136,776.9689311677786,663.6904248216935,720.3115583834683,719.3498931610543,641.4063965543379,640.4447313319239,697.1546951830853,584.6964327031765,776.0598570122157,663.6015945323069
U,QL-L1,L08-02-6,LEF-5-9,777.0749971849566,663.5843588045154,697.1719309108768,583.6812925304356,753.7404734058006,527.1127500355118,833.6435396798804,607.0158163095916,776.98616689557,662.6752846489526,698.0810050664396,583.7701228198222,753.829303695187,528.0218241910748,832.7344655243174,606.926986020205
U,QL-L1,L08-02-5,LEF-5-9,833.7496056970583,606.9097502924136,753.8465394229785,527.0066840183338,810.4150819179023,470.43814152340997,890.3181481919821,550.3412077974898,833.6607754076718,606.0006761368508,754.7556135785414,527.0955143077204,810.5039122072889,471.34721567897293,889.4090740364193,550.2523775081033
U,QL-L1,L08-02-4,LEF-5-9,890.4242142091601,550.2351417803118,810.5211479350803,470.332075506232,867.0896904300041,413.7635330113082,946.992756704084,493.66659928538803,890.3353839197737,549.3260676247489,811.4302220906432,470.4209057956185,867.1785207193907,414.6726071668711,946.083682548521,493.5777689960015
U,QL-L1,L08-02-3,LEF-5-9,947.098822721262,493.56053326821007,867.1957564471821,413.65746699413023,923.7642989421058,357.08892449920637,1003.6673652161858,436.9919907732862,947.0099924318754,492.6514591126471,868.104830602745,413.7462972835167,923.8531292314924,357.99799865476933,1002.7582910606228,436.90316048389974
U,QL-L1,L08-02-2,LEF-5-9,1003.7734312333637,436.88592475610824,923.8703649592838,356.9828584820284,980.4389074542077,300.4143159871046,1060.3419737282875,380.31738226118443,1003.6846009439771,435.97685060054533,924.7794391148468,357.0716887714149,980.5277377435941,301.32339014266756,1059.4328995727246,380.22855197179797
U,QL-L1,L08-02-1,LEF-5-9,1060.4480397454654,380.2113162440064,980.5449734713857,300.3082499699266,1037.1135159663095,243.73970747500283,1117.0165822403892,323.64277374908266,1060.359209456079,379.3022420884435,981.4540476269485,300.3970802593131,1037.202346255696,244.64878163056568,1116.1075080848263,323.5539434596961
U,QL-L1,L08-02-0,LEF-5-9,1117.1226482575673,323.5367077319046,1037.2195819834874,243.63364145782475,1093.7881244784112,187.06509896290095,1173.6911907524911,266.9681652369808,1117.0338179681808,322.6276335763417,1038.1286561390505,243.72247174721127,1093.8769547677978,187.9741731184638,1172.7821165969283,266.8793349475942
U,QL-R1,L12-37-11,LEF-7-1,3.5355339059327373,-3.6769552621700474,-76.36753236814714,-83.58002153624992,-19.79898987322335,-140.14856403117372,60.10407640085653,-60.245497757093865,3.446703616546177,-4.586029417733003,-75.4584582125842,-83.49119124686335,-19.71015958383679,-139.2394898756108,59.19500224529359,-60.33432804648043
U,QL-R1,L12-37-10,LEF-7-1,60.210142418034515,-60.351563774271845,-19.69292385604536,-140.25463004835171,36.875618638878436,-196.82317254327552,116.77868491295831,-116.92010626919566,60.12131212864795,-61.2606379298348,-18.783849700482428,-140.16579975896514,36.964448928264986,-195.91409838771258,115.86961075739536,-117.00893655858223
U,QL-R1,L12-37-9,LEF-7-1,116.88475093013629,-117.02617228637365,36.981684656056416,-196.9292385604535,93.55022715098022,-253.49778105537735,173.4532934250601,-173.59471478129745,116.79592064074974,-117.93524644193661,37.890758811619364,-196.84040827106696,93.63905744036677,-252.58870689981438,172.54421926949715,-173.68354507068403
U,QL-R1,L12-37-8,LEF-7-1,173.5593594422381,-173.70078079847545,93.65629316815821,-253.6038470725553,150.224835663082,-310.1723895674791,230.12790193716188,-230.26932329339925,173.47052915285153,-174.6098549540384,94.56536732372115,-253.51501678316876,150.31366595246857,-309.2633154119162,229.21882778159895,-230.35815358278583
U,QL-R1,L12-37-7,LEF-7-1,230.2339679543399,-230.37538931057725,150.33090168026,-310.27845558465714,206.89944417518382,-366.84699807958094,286.8025104492637,-286.94393180550105,230.14513766495332,-231.2844634661402,151.23997583582295,-310.18962529527056,206.9882744645703,-365.937923924018,285.8934362937007,-287.03276209488763
U,QL-R1,L12-37-6,LEF-7-1,286.9085764664417,-287.049997822679,207.00551019236178,-366.9530640967589,263.5740526872856,-423.52160659168277,343.4771189613655,-343.6185403176029,286.8197461770551,-287.959071978242,207.91458434792472,-366.86423380737233,263.6628829766721,-422.61253243611975,342.56804480580246,-343.7073706069894
U,QL-R1,L12-37-5,LEF-7-1,343.58318497854344,-343.72460633478084,263.68011870446355,-423.62767260886073,320.24866119938736,-480.19621510378454,400.15172747346725,-400.29314882970465,343.49435468915686,-344.6336804903438,264.5891928600265,-423.53884231947416,320.33749148877394,-479.28714094822163,399.2426533179043,-400.3819791190913
U,QL-R1,L12-37-4,LEF-7-1,400.25779349064527,-400.39921484688267,320.3547272165654,-480.30228112096256,376.9232697114892,-536.8708236158864,456.8263359855691,-456.9677573418065,400.16896320125875,-401.3082890024457,321.26380137212834,-480.21345083157604,377.01210000087576,-535.9617494603235,455.91726183000617,-457.0565876311931
U,QL-R1,L12-37-3,LEF-7-1,456.93240200274704,-457.07382335898444,377.02933572866715,-536.9768896330643,433.59787822359095,-593.5454321279881,513.5009444976708,-513.6423658539082,456.84357171336046,-457.98289751454746,377.93840988423005,-536.8880593436778,433.6867085129776,-592.6363579724252,512.591870342108,-513.7311961432948
U,QL-R1,L12-37-2,LEF-7-1,513.6070105148488,-513.7484318710863,433.70394424076886,-593.6514981451661,490.27248673569267,-650.2200406400899,570.1755530097726,-570.3169743660101,513.5181802254623,-514.6575060266492,434.6130183963319,-593.5626678557796,490.3613170250793,-649.3109664845271,569.2664788542097,-570.4058046553967
U,QL-R1,L12-37-1,LEF-7-1,570.2816190269506,-570.423040383188,490.3785527528707,-650.3261066572678,546.9470952477946,-706.8946491521916,626.8501615218744,-626.9915828781118,570.1927887375641,-571.332114538751,491.2876269084337,-650.2372763678813,547.0359255371811,-705.9855749966288,625.9410873663115,-627.0804131674984
U,QL-R1,L12-37-0,LEF-7-1,626.9562275390524,-627.0976488952899,547.0531612649725,-707.0007151693698,603.6217037598963,-763.5692576642936,683.5247700339762,-683.6661913902137,626.8673972496659,-628.0067230508528,547.9622354205355,-706.9118848799832,603.710534049283,-762.6601835087307,682.6156958784134,-683.7550216796003
U,QL-R1,L12-40-11,LEF-7-2,-80.04448763031719,-80.18590898655448,-159.9475539043971,-160.08897526063436,-103.37901140947329,-216.65751775555816,-23.475945135393403,-136.75445148147827,-80.13331791970376,-81.09498314211743,-159.03847974883413,-160.0001449712478,-103.29018112008674,-215.74844359999523,-24.385019290956343,-136.84328177086485
U,QL-R1,L12-40-10,LEF-7-2,-23.369879118215415,-136.86051749865626,-103.2729453922953,-216.76358377273615,-46.70440289737151,-273.33212626766,33.19866337670838,-193.4290599935801,-23.45870940760198,-137.76959165421923,-102.36387123673236,-216.6747534833496,-46.61557260798496,-272.423052112097,32.289589221145434,-193.51789028296668
U,QL-R1,L12-40-9,LEF-7-2,33.30472939388636,-193.53512601075806,-46.59833688019353,-273.43819228483795,9.970205614730276,-330.0067347797618,89.87327188881017,-250.1036685056819,33.21589910449981,-194.44420016632102,-45.68926272463058,-273.34936199545143,10.059035904116826,-329.09766062419885,88.96419773324722,-250.19249879506845
U,QL-R1,L12-40-8,LEF-7-2,89.97933790598816,-250.2097345228599,10.07627163190827,-330.1128007969398,66.64481412683205,-386.6813432918636,146.54788040091194,-306.7782770177837,89.8905076166016,-251.11880867842285,10.985345787471203,-330.0239705075532,66.73364441621862,-385.7722691363006,145.63880624534903,-306.8671073071703
U,QL-R1,L12-40-7,LEF-7-2,146.65394641808996,-306.8843430349617,66.75088014401007,-386.78740930904155,123.31942263893384,-443.3559518039654,203.22248891301373,-363.4528855298855,146.56511612870338,-307.7934171905246,67.659954299573,-386.69857901965497,123.4082529283204,-442.4468776484024,202.3134147574508,-363.54171581927204
U,QL-R1,L12-40-6,LEF-7-2,203.3285549301917,-363.5589515470635,123.42548865611181,-443.4620178211434,179.9940311510356,-500.0305603160672,259.8970974251155,-420.1274940419873,203.23972464080515,-364.46802570262645,124.33456281167474,-443.3731875317568,180.08286144042216,-499.12148616050416,258.98802326955257,-420.2163243313738
U,QL-R1,L12-40-5,LEF-7-2,260.0031634422935,-420.2335600591653,180.10009716821364,-500.1366263332452,236.66863966313738,-556.705168828169,316.5717059372173,-476.80210255408906,259.914333152907,-421.1426342147283,181.00917132377657,-500.0477960438586,236.757469952524,-555.796094672606,315.6626317816544,-476.8909328434757
U,QL-R1,L12-40-4,LEF-7-2,316.6777719543953,-476.90816857126714,236.7747056803154,-556.811234845347,293.3432481752392,-613.3797773402708,373.24631444931913,-533.476711066191,316.5889416650088,-477.8172427268301,237.6837798358784,-556.7224045559605,293.4320784646258,-612.4707031847079,372.3372402937562,-533.5655413555776
U,QL-R1,L12-40-3,LEF-7-2,373.35238046649704,-533.5827770833689,293.4493141924172,-613.4858433574489,350.017856687341,-670.0543858523727,429.92092296142084,-590.1513195782927,373.2635501771106,-534.4918512389319,294.35838834798017,-613.3970130680623,350.1066869767276,-669.1453116968097,429.011848805858,-590.2401498676793
U,QL-R1,L12-40-2,LEF-7-2,430.02698897859887,-590.2573855954706,350.1239227045189,-670.1604518695506,406.69246519944284,-726.7289943644744,486.59553147352267,-646.8259280903944,429.93815868921234,-591.1664597510337,351.03299686008194,-670.071621580164,406.7812954888293,-725.8199202089115,485.6864573179597,-646.9147583797811
U,QL-R1,L12-40-1,LEF-7-2,486.7015974907006,-646.9319941075726,406.79853121662074,-726.8350603816524,463.36707371154455,-783.4036028765762,543.2701399856244,-703.5005366024964,486.6127672013141,-647.8410682631354,407.7076053721837,-726.7462300922657,463.4559040009311,-782.4945287210132,542.3610658300615,-703.589366891883
U,QL-R1,L12-40-0,LEF-7-2,543.3762060028024,-703.6066026196743,463.4731397287226,-783.5096688937542,520.0416822236464,-840.078211388678,599.9447484977262,-760.1751451145981,543.2873757134159,-704.5156767752374,464.38221388428553,-783.4208386043676,520.130512513033,-839.1691372331152,599.0356743421634,-760.2639754039848
U,QL-R1,L12-39-11,LEF-7-3,-160.0889752606344,-160.23039661687164,-239.9920415347143,-240.1334628909515,-183.4234990397905,-296.70200538587534,-103.52043276571061,-216.79893911179545,-160.17780555002093,-161.1394707724346,-239.0829673791513,-240.04463260156498,-183.33466875040392,-295.7929312303124,-104.42950692127354,-216.88776940118203
U,QL-R1,L12-39-10,LEF-7-3,-103.41436674853261,-216.90500512897344,-183.3174330226125,-296.8080714030533,-126.74889052768872,-353.3766138979771,-46.845824253608825,-273.4735476238973,-103.50319703791916,-217.81407928453638,-182.40835886704954,-296.7192411136668,-126.66006023830214,-352.4675397424142,-47.75489840917176,-273.56237791328385
U,QL-R1,L12-39-9,LEF-7-3,-46.739758236430845,-273.57961364107524,-126.64282451051074,-353.48267991515513,-70.07428201558693,-410.05122241007894,9.82878425849296,-330.1481561359991,-46.82858852581738,-274.4886877966382,-125.73375035494776,-353.39384962576855,-69.98545172620035,-409.142148254516,8.919710102930026,-330.2369864253856
U,QL-R1,L12-39-8,LEF-7-3,9.934850275670954,-330.25422215317707,-69.96821599840894,-410.15728842725696,-13.399673503485161,-466.72583092218076,66.50339277059473,-386.8227646481009,9.846019986284404,-331.16329630874,-69.05914184284597,-410.0684581378704,-13.310843214098554,-465.8167567666178,65.59431861503182,-386.9115949374874
U,QL-R1,L12-39-7,LEF-7-3,66.60945878777275,-386.92883066527884,-13.293607486307138,-466.8318969393587,43.27493500861664,-523.4004394342826,123.17800128269653,-443.4973731602027,66.5206284983862,-387.8379048208418,-12.384533330744176,-466.7430666499722,43.363765298003216,-522.4913652787195,122.2689271271336,-443.5862034495892
U,QL-R1,L12-39-6,LEF-7-3,123.2840672998745,-443.60343917738066,43.3810010257946,-523.5065054514605,99.94954352071841,-580.0750479463843,179.8526097947983,-500.17198167230447,123.19523701048794,-444.5125133329436,44.290075181357565,-523.4176751620739,100.03837381010499,-579.1659737908213,178.94353563923536,-500.26081196169093
U,QL-R1,L12-39-5,LEF-7-3,179.95867581197632,-500.2780476894825,100.05560953789643,-580.1811139635623,156.62415203282018,-636.7496564584861,236.52721830690007,-556.8465901844063,179.86984552258977,-501.18712184504545,100.96468369345939,-580.0922836741759,156.7129823222068,-635.8405823029232,235.6181441513372,-556.9354204737929
U,QL-R1,L12-39-4,LEF-7-3,236.6332843240781,-556.9526562015843,156.7302180499982,-636.8557224756642,213.298760544922,-693.424264970588,293.2018268190019,-613.5211986965081,236.5444540346916,-557.8617303571473,157.63929220556122,-636.7668921862776,213.38759083430864,-692.5151908150251,292.29275266343905,-613.6100289858947
U,QL-R1,L12-39-3,LEF-7-3,293.30789283617986,-613.6272647136861,213.40482656209997,-693.530330987766,269.9733690570238,-750.0988734826898,349.87643533110366,-670.19580720861,293.21906254679334,-614.536338869249,214.313900717663,-693.4415006983794,270.0621993464104,-749.1897993271268,348.96736117554076,-670.2846374979965
U,QL-R1,L12-39-2,LEF-7-3,349.98250134828163,-670.3018732257879,270.07943507420174,-750.2049394998677,326.6479775691256,-806.7734819947915,406.5510438432055,-726.8704157207117,349.89367105889517,-671.2109473813508,270.98850922976476,-750.1161092104812,326.7368078585121,-805.8644078392286,405.6419696876425,-726.9592460100982
U,QL-R1,L12-39-1,LEF-7-3,406.6571098603834,-726.9764817378897,326.7540435863035,-806.8795480119695,383.3225860812273,-863.4480905068933,463.2256523553072,-783.5450242328135,406.5682795709969,-727.8855558934525,327.66311774186653,-806.7907177225829,383.41141637061395,-862.5390163513305,462.3165781997443,-783.6338545222001
U,QL-R1,L12-39-0,LEF-7-3,463.3317183724852,-783.6510902499915,383.42865209840534,-863.5541565240713,439.99719459332914,-920.1226990189951,519.9002608674091,-840.2196327449153,463.2428880830987,-784.5601644055545,384.33772625396836,-863.4653262346849,440.0860248827158,-919.2136248634323,518.9911867118461,-840.3084630343019
U,QL-R1,L12-21-11,LEF-7-4,-240.13346289095165,-240.27488424718885,-320.03652916503154,-320.1779505212687,-263.46798667010773,-376.7464930161925,-183.56492039602784,-296.8434267421127,-240.22229318033817,-241.1839584027518,-319.1274550094686,-320.08912023188213,-263.37915638072116,-375.83741886062955,-184.47399455159078,-296.9322570314992
U,QL-R1,L12-21-10,LEF-7-4,-183.45885437884985,-296.94949275929065,-263.36192065292977,-376.85255903337054,-206.79337815800596,-433.42110152829434,-126.89031188392606,-353.51803525421445,-183.5476846682364,-297.8585669148536,-262.4528464973668,-376.76372874398396,-206.7045478686194,-432.5120273727314,-127.799386039489,-353.60686554360103
U,QL-R1,L12-21-9,LEF-7-4,-126.78424586674808,-353.6241012713925,-206.68731214082797,-433.5271675454723,-150.11876964590417,-490.09571004039617,-70.21570337182428,-410.1926437663163,-126.87307615613462,-354.5331754269554,-205.77823798526498,-433.4383372560858,-150.0299393565176,-489.1866358848332,-71.12477752738721,-410.2814740557028
U,QL-R1,L12-21-8,LEF-7-4,-70.10963735464628,-410.29870978349425,-150.01270362872617,-490.20177605757414,-93.4441611338024,-546.7703185524979,-13.541094859722506,-466.86725227841805,-70.19846764403283,-411.2077839390572,-149.1036294731632,-490.11294576818756,-93.35533084441579,-545.861244396935,-14.450169015285411,-466.95608256780463
U,QL-R1,L12-21-7,LEF-7-4,-13.435028842544483,-466.9733182955961,-93.33809511662437,-546.8763845696759,-36.7695526217006,-603.4449270645998,43.13351365237929,-523.5418607905199,-13.523859131931033,-467.88239245115903,-92.42902096106141,-546.7875542802893,-36.68072233231402,-602.5358529090367,42.22443949681636,-523.6306910799065
U,QL-R1,L12-21-6,LEF-7-4,43.23957966955726,-523.6479268076979,-36.66348660452263,-603.5509930817777,19.905055890401172,-660.1195355767015,99.80812216448106,-580.2164693026217,43.15074938017071,-524.5570009632609,-35.75441244895967,-603.4621627923912,19.99388617978775,-659.2104614211385,98.89904800891813,-580.3052995920082
U,QL-R1,L12-21-5,LEF-7-4,99.91418818165909,-580.3225353197997,20.011121907579195,-660.2256015938796,76.57966440250294,-716.7941440888033,156.48273067658283,-636.8910778147234,99.82535789227254,-581.2316094753626,20.920196063142157,-660.136771304493,76.66849469188958,-715.8850699332404,155.57365652101996,-636.9799081041101
U,QL-R1,L12-21-4,LEF-7-4,156.58879669376086,-636.9971438319016,76.68573041968097,-716.9002101059814,133.25427291460477,-773.4687526009052,213.15733918868466,-693.5656863268254,156.49996640437436,-637.9062179874645,77.59480457524398,-716.8113798165948,133.3431032039914,-772.5596784453423,212.24826503312178,-693.6545166162119
U,QL-R1,L12-21-3,LEF-7-4,213.26340520586263,-693.6717523440033,133.36033893178274,-773.5748186180831,189.92888142670654,-830.1433611130069,269.83194770078643,-750.2402948389271,213.17457491647613,-694.5808264995662,134.26941308734575,-773.4859883286965,190.01771171609317,-829.234286957444,268.9228735452235,-750.3291251283138
U,QL-R1,L12-21-2,LEF-7-4,269.9380137179644,-750.3463608561051,190.0349474438845,-830.2494271301849,246.60348993880837,-886.8179696251087,326.50655621288826,-806.9149033510289,269.84918342857793,-751.255435011668,190.94402159944752,-830.1605968407985,246.6923202281949,-885.9088954695458,325.59748205732524,-807.0037336404155
U,QL-R1,L12-21-1,LEF-7-4,326.61262223006617,-807.0209693682069,246.70955595598627,-886.9240356422868,303.2780984509101,-943.4925781372106,383.18116472498997,-863.5895118631307,326.52379194067964,-807.9300435237698,247.6186301115493,-886.8352053529002,303.3669287402967,-942.5835039816477,382.27209056942706,-863.6783421525173
U,QL-R1,L12-21-0,LEF-7-4,383.287230742168,-863.6955778803087,303.3841644680881,-943.5986441543886,359.9527069630119,-1000.1671866493124,439.8557732370918,-920.2641203752326,383.19840045278147,-864.6046520358717,304.2932386236511,-943.5098138650021,360.04153725239854,-999.2581124937494,438.9466990815289,-920.3529506646191
U,QL-R1,L12-20-11,LEF-7-5,-320.1779505212688,-320.319371877506,-400.0810167953488,-400.2224381515859,-343.51247430042497,-456.7909806465097,-263.609408026345,-376.8879143724298,-320.2667808106554,-321.22844603306896,-399.17194263978575,-400.1336078621993,-343.42364401103833,-455.88190649094673,-264.518482181908,-376.9767446618164
U,QL-R1,L12-20-10,LEF-7-5,-263.50334200916706,-376.9939803896078,-343.406408283247,-456.8970466636877,-286.8378657883232,-513.4655891586115,-206.93479951424325,-433.56252288453163,-263.59217229855363,-377.9030545451708,-342.497334127684,-456.80821637430114,-286.74903549893656,-512.5565150030486,-207.84387366980621,-433.6513531739182
U,QL-R1,L12-20-9,LEF-7-5,-206.82873349706526,-433.6685889017096,-286.73179977114523,-513.5716551757895,-230.1632572762214,-570.1401976707133,-150.26019100214145,-490.23713139663346,-206.9175637864518,-434.5776630572726,-285.82272561558216,-513.4828248864029,-230.07442698683477,-569.2311235151503,-151.16926515770442,-490.32596168602004
U,QL-R1,L12-20-8,LEF-7-5,-150.15412498496346,-490.3431974138114,-230.0571912590434,-570.2462636878913,-173.48864876411963,-626.8148061828151,-93.58558249003968,-546.9117399087352,-150.24295527435004,-491.2522715693744,-229.1481171034804,-570.1574333985047,-173.39981847473297,-625.9057320272522,-94.49465664560262,-547.0005701981217
U,QL-R1,L12-20-7,LEF-7-5,-93.47951647286166,-547.0178059259132,-173.3825827469416,-626.9208721999931,-116.81404025201783,-683.489414694917,-36.910973977937886,-603.5863484208371,-93.56834676224824,-547.9268800814762,-172.4735085913786,-626.8320419106066,-116.7252099626312,-682.580340539354,-37.82004813350085,-603.6751787102236
U,QL-R1,L12-20-6,LEF-7-5,-36.80490796075992,-603.692414438015,-116.70797423483987,-683.595480712095,-60.13943173991606,-740.1640232070188,19.763634534163884,-660.2609569329388,-36.8937382501465,-604.601488593578,-115.79890007927685,-683.5066504227084,-60.05060145052943,-739.2549490514557,18.854560378600922,-660.3497872223254
U,QL-R1,L12-20-5,LEF-7-5,19.869700551341907,-660.3670229501168,-60.03336572273804,-740.2700892241967,-3.4648232278142927,-796.8386317191205,76.43824304626565,-716.9355654450405,19.78087026195533,-661.2760971056798,-59.12429156717502,-740.1812589348101,-3.3759929384276006,-795.9295575635576,75.52916889070275,-717.0243957344272
U,QL-R1,L12-20-4,LEF-7-5,76.54430906344368,-717.0416314622187,-3.35875721063627,-796.9446977362986,53.209785284287534,-853.5132402312224,133.11285155836748,-773.6101739571425,76.45547877405716,-717.9507056177816,-2.4496830550731943,-796.855867446912,53.298615573674226,-852.6041660756595,132.20377740280458,-773.6990042465291
U,QL-R1,L12-20-3,LEF-7-5,133.21891757554545,-773.7162399743204,53.3158513014655,-853.6193062484003,109.8843937963893,-910.1878487433241,189.78746007046925,-830.2847824692442,133.13008728615893,-774.6253141298835,54.224925457028576,-853.5304759590138,109.973224085776,-909.2787745877613,188.87838591490635,-830.3736127586309
U,QL-R1,L12-20-2,LEF-7-5,189.89352608764722,-830.3908484864222,109.99045981356727,-910.293914760502,166.55900230849113,-966.8624572554259,246.46206858257108,-886.959390981346,189.8046957982607,-831.2999226419852,110.89953396913035,-910.2050844711156,166.6478325978777,-965.953383099863,245.55299442700806,-887.0482212707327
U,QL-R1,L12-20-1,LEF-7-5,246.568134599749,-887.065456998524,166.66506832566904,-966.968523272604,223.23361082059284,-1023.5370657675278,303.1366770946728,-943.6339994934478,246.47930431036247,-887.9745311540869,167.57414248123212,-966.8796929832173,223.32244110997954,-1022.6279916119648,302.2276029391099,-943.7228297828344
U,QL-R1,L12-20-0,LEF-7-5,303.2427431118508,-943.7400655106259,223.33967683777087,-1023.6431317847057,279.90821933269467,-1080.2116742796295,359.8112856067746,-1000.3086080055497,303.1539128224643,-944.6491396661888,224.24875099333394,-1023.5543014953192,279.99704962208136,-1079.3026001240667,358.9022114512117,-1000.3974382949364
U,QL-R1,L10-16-9,LEF-7-6,-400.222438151586,-400.3638595078232,-480.1255044256659,-480.26692578190307,-423.5569619307421,-536.8354682768269,-343.6538956566622,-456.932402002747,-400.31126844097264,-401.27293366338614,-479.216430270103,-480.1780954925165,-423.46813164135557,-535.9263941212639,-344.5629698122252,-457.02123229213356
U,QL-R1,L10-16-8,LEF-7-6,-343.54782963948423,-457.038468019925,-423.4508959135641,-536.9415342940049,-366.8823534186403,-593.5100767889287,-286.97928714456043,-513.6070105148488,-343.63665992887087,-457.94754217548797,-422.5418217580012,-536.8527040046183,-366.7935231292538,-592.6010026333657,-287.88836130012345,-513.6958408042353
U,QL-R1,L10-16-7,LEF-7-6,-286.8732211273824,-513.7130765320268,-366.77628740146235,-593.6161428061067,-310.20774490653855,-650.1846853010305,-230.30467863245863,-570.2816190269506,-286.96205141676904,-514.6221506875897,-365.8672132458994,-593.5273125167201,-310.118914617152,-649.2756111454676,-231.21375278802165,-570.3704493163372
U,QL-R1,L10-16-6,LEF-7-6,-230.19861261528064,-570.3876850441286,-310.1016788893605,-650.2907513182085,-253.53313639443675,-706.8592938131324,-173.63007012035686,-626.9562275390524,-230.28744290466727,-571.2967591996916,-309.1926047337976,-650.201921028822,-253.4443061050502,-705.9502196575693,-174.53914427591985,-627.045057828439
U,QL-R1,L10-16-5,LEF-7-6,-173.52400410317884,-627.0622935562304,-253.42707037725873,-706.9653598303103,-196.85852788233495,-763.5339023252341,-116.95546160825506,-683.6308360511542,-173.61283439256547,-627.9713677117934,-252.51799622169582,-706.8765295409237,-196.76969759294843,-762.6248281696711,-117.86453576381808,-683.7196663405407
U,QL-R1,L10-16-4,LEF-7-6,-116.8493955910771,-683.7369020683323,-196.752461865157,-763.6399683424121,-140.18391937023318,-820.2085108373359,-60.280853096153294,-740.3054445632561,-116.93822588046373,-684.6459762238951,-195.84338770959408,-763.5511380530255,-140.09508908084666,-819.2994366817729,-61.18992725171631,-740.3942748526425
U,QL-R1,L10-16-3,LEF-7-6,-60.17478707897527,-740.411510580434,-140.07785335305516,-820.3145768545139,-83.50931085813141,-876.8831193494377,-3.606244584051524,-796.9800530753578,-60.263617368361906,-741.320584735997,-139.16877919749226,-820.2257465651273,-83.42048056874484,-875.9740451938748,-4.515318739614486,-797.0688833647444
U,QL-R1,L10-16-2,LEF-7-6,-3.500178566873501,-797.0861190925359,-83.40324484095339,-876.9891853666157,-26.834702346029587,-933.5577278615395,53.0683639280503,-853.6546615874597,-3.5890088562600795,-797.9951932480988,-82.49417068539043,-876.9003550772292,-26.74587205664301,-932.6486537059766,52.15928977248734,-853.7434918768463
U,QL-R1,L10-16-1,LEF-7-6,53.17442994522827,-853.7607276046376,-26.72863632885162,-933.6637938787176,29.839906166072183,-990.2323363736414,109.74297244015207,-910.3292700995614,53.08559965584169,-854.6698017602006,-25.81956217328866,-933.574963589331,29.92873645545876,-989.3232622180784,108.83389828458911,-910.418100388948
U,QL-R1,L10-16-0,LEF-7-6,109.84903845733004,-910.4353361167393,29.94597218325015,-990.3384023908193,86.51451467817401,-1046.906944885743,166.4175809522539,-967.0038786116631,109.76020816794346,-911.3444102723024,30.85504633881311,-990.2495721014327,86.60334496756047,-1045.9978707301802,165.50850679669082,-967.0927089010498
U,QL-R1,L10-11-9,LEF-7-7,-480.26692578190324,-480.40834713814036,-560.1699920559831,-560.3114134122202,-503.6014495610593,-616.879955907144,-423.69838328697944,-536.9768896330642,-480.3557560712899,-481.3174212937034,-559.2609179004202,-560.2225831228337,-503.5126192716728,-615.9708817515811,-424.60745744254245,-537.0657199224509
U,QL-R1,L10-11-8,LEF-7-7,-423.59231726980147,-537.0829556502422,-503.49538354388136,-616.986021924322,-446.92684104895756,-673.5545644192458,-367.02377477487767,-593.651498145166,-423.6811475591881,-537.9920298058051,-502.58630938831845,-616.8971916349354,-446.83801075957103,-672.6454902636829,-367.9328489304407,-593.7403284345526
U,QL-R1,L10-11-7,LEF-7-7,-366.91770875769964,-593.757564162344,-446.8207750317796,-673.6606304364238,-390.2522325368558,-730.2291729313476,-310.34916626277584,-650.3261066572678,-367.0065390470863,-594.666638317907,-445.9117008762166,-673.5718001470373,-390.1634022474692,-729.3200987757847,-311.2582404183389,-650.4149369466544
U,QL-R1,L10-11-6,LEF-7-7,-310.2431002455979,-650.4321726744458,-390.14616651967776,-730.3352389485256,-333.57762402475396,-786.9037814434494,-253.6745577506741,-707.0007151693696,-310.3319305349845,-651.3412468300088,-389.23709236411486,-730.2464086591391,-333.48879373536744,-785.9947072878865,-254.5836319062371,-707.0895454587562
U,QL-R1,L10-11-5,LEF-7-7,-253.56849173349607,-707.1067811865476,-333.47155800757594,-787.0098474606274,-276.9030155126522,-843.5783899555513,-196.9999492385723,-763.6753236814714,-253.6573220228827,-708.0158553421106,-332.5624838520131,-786.9210171712409,-276.81418522326567,-842.6693157999882,-197.90902339413532,-763.7641539708579
U,QL-R1,L10-11-4,LEF-7-7,-196.89388322139433,-763.7813896986494,-276.7969494954742,-843.6844559727292,-220.22840700055042,-900.252998467653,-140.32534072647053,-820.3499321935732,-196.98271351078097,-764.6904638542123,-275.8878753399113,-843.5956256833426,-220.1395767111639,-899.34392431209,-141.23441488203355,-820.4387624829598
U,QL-R1,L10-11-3,LEF-7-7,-140.2192747092925,-820.4559982107512,-220.1223409833724,-900.359064484831,-163.55379848844865,-956.9276069797547,-83.65073221436876,-877.024540705675,-140.30810499867914,-821.3650723663143,-219.2132668278095,-900.2702341954446,-163.46496819906207,-956.0185328241919,-84.55980636993172,-877.1133709950616
U,QL-R1,L10-11-2,LEF-7-7,-83.54466619719074,-877.130606722853,-163.44773247127063,-957.0336729969329,-106.87918997634682,-1013.6022154918567,-26.976123702266932,-933.6991492177768,-83.63349648657731,-878.039680878416,-162.53865831570766,-956.9448427075463,-106.79035968696024,-1012.6931413362938,-27.885197857829894,-933.7879795071635
U,QL-R1,L10-11-1,LEF-7-7,-26.870057685088966,-933.8052152349549,-106.77312395916886,-1013.7082815090346,-50.20458146424505,-1070.2768240039584,29.698484809834838,-990.3737577298787,-26.958887974475545,-934.7142893905178,-105.8640498036059,-1013.6194512196481,-50.115751174858474,-1069.3677498483955,28.789410654271876,-990.4625880192652
U,QL-R1,L10-11-0,LEF-7-7,29.804550827012804,-990.4798237470566,-50.098515447067086,-1070.3828900211365,6.4700270478567745,-1126.9514325160603,86.37309332193666,-1047.0483662419804,29.715720537626225,-991.3888979026196,-49.189441291504124,-1070.29405973175,6.558857337243239,-1126.0423583604975,85.46401916637359,-1047.137196531367
U,QL-R1,L08-12-7,LEF-7-8,-560.3114134122204,-560.4528347684575,-640.2144796863003,-640.3559010425374,-583.6459371913764,-696.9244435374612,-503.7428709172966,-617.0213772633813,-560.400243701607,-561.3619089240206,-639.3054055307373,-640.2670707531508,-583.5571069019899,-696.0153693818983,-504.65194507285963,-617.110207552768
U,QL-R1,L08-12-6,LEF-7-8,-503.63680490011865,-617.1274432805593,-583.5398711741984,-697.0305095546393,-526.9713286792746,-753.599052049563,-447.06826240519484,-673.6959857754831,-503.7256351895053,-618.0365174361223,-582.6307970186356,-696.9416792652526,-526.8824983898882,-752.6899778940001,-447.97733656075786,-673.7848160648698
U,QL-R1,L08-12-5,LEF-7-8,-446.9621963880169,-673.8020517926611,-526.8652626620967,-753.7051180667411,-470.2967201671729,-810.2736605616649,-390.3936538930931,-730.3705942875849,-447.05102667740346,-674.7111259482241,-525.9561885065337,-753.6162877773544,-470.20788987778633,-809.3645864061018,-391.30272804865604,-730.4594245769715
U,QL-R1,L08-12-4,LEF-7-8,-390.28758787591505,-730.4766603047628,-470.1906541499949,-810.3797265788428,-413.6221116550711,-866.9482690737666,-333.71904538099125,-787.0452027996866,-390.3764181653017,-731.3857344603259,-469.281579994432,-810.2908962894562,-413.53328136568456,-866.0391949182036,-334.62811953655427,-787.1340330890733
U,QL-R1,L08-12-3,LEF-7-8,-333.6129793638132,-787.1512688168647,-413.51604563789306,-867.0543350909446,-356.9475031429693,-923.6228775858685,-277.0444368688895,-843.7198113117886,-333.7018096531999,-788.0603429724277,-412.6069714823302,-866.965504801558,-356.8586728535828,-922.7138034303055,-277.9535110244525,-843.8086416011752
U,QL-R1,L08-12-2,LEF-7-8,-276.9383708517115,-843.8258773289665,-356.84143712579134,-923.7289436030464,-300.27289463086754,-980.2974860979702,-220.3698283567877,-900.3944198238903,-277.02720114109815,-844.7349514845296,-355.93236297022844,-923.6401133136599,-300.184064341481,-979.3884119424072,-221.27890251235073,-900.4832501132769
U,QL-R1,L08-12-1,LEF-7-8,-220.26376233960968,-900.5004858410683,-300.1668286136895,-980.4035521151483,-243.59828611876577,-1036.972094610072,-163.69521984468594,-957.069028335992,-220.35259262899632,-901.4095599966313,-299.2577544581266,-980.3147218257616,-243.5094558293792,-1036.0630204545091,-164.6042940002489,-957.1578586253788
U,QL-R1,L08-12-0,LEF-7-8,-163.58915382750791,-957.1750943531702,-243.49222010158775,-1037.07816062725,-186.92367760666394,-1093.646703122174,-107.02061133258411,-1013.743636848094,-163.6779841168945,-958.0841685087332,-242.58314594602479,-1036.9893303378635,-186.83484731727737,-1092.7376289666108,-107.92968548814707,-1013.8324671374806
U,QL-R1,L08-11-7,LEF-7-9,-640.3559010425377,-640.4973223987747,-720.2589673166175,-720.4003886728545,-663.6904248216937,-776.9689311677784,-583.7873585476138,-697.0658648936985,-640.4447313319241,-641.4063965543378,-719.3498931610545,-720.3115583834681,-663.6015945323071,-776.0598570122155,-584.6964327031767,-697.1546951830852
U,QL-R1,L08-11-6,LEF-7-9,-583.6812925304358,-697.1719309108765,-663.5843588045157,-777.0749971849564,-607.0158163095919,-833.6435396798802,-527.112750035512,-753.7404734058003,-583.7701228198224,-698.0810050664395,-662.6752846489528,-776.9861668955698,-606.9269860202054,-832.7344655243173,-528.021824191075,-753.829303695187
U,QL-R1,L08-11-5,LEF-7-9,-527.0066840183341,-753.8465394229784,-606.909750292414,-833.7496056970582,-550.3412077974901,-890.318148191982,-470.4381415234103,-810.4150819179022,-527.0955143077206,-754.7556135785413,-606.000676136851,-833.6607754076716,-550.2523775081036,-889.409074036419,-471.34721567897316,-810.5039122072887
U,QL-R1,L08-11-4,LEF-7-9,-470.3320755062323,-810.5211479350801,-550.2351417803121,-890.42421420916,-493.6665992853883,-946.9927567040838,-413.7635330113085,-867.0896904300039,-470.4209057956188,-811.4302220906432,-549.3260676247492,-890.3353839197734,-493.5777689960018,-946.0836825485209,-414.6726071668714,-867.1785207193906
U,QL-R1,L08-11-3,LEF-7-9,-413.65746699413046,-867.1957564471819,-493.5605332682103,-947.0988227212617,-436.99199077328655,-1003.6673652161855,-357.0889244992067,-923.7642989421058,-413.74629728351704,-868.104830602745,-492.65145911264744,-947.0099924318753,-436.9031604839,-1002.7582910606227,-357.9979986547696,-923.8531292314924
U,QL-R1,L08-11-2,LEF-7-9,-356.98285848202875,-923.8703649592837,-436.8859247561086,-1003.7734312333636,-380.3173822611848,-1060.3419737282875,-300.41431598710494,-980.4389074542075,-357.07168877141527,-924.7794391148468,-435.9768506005457,-1003.6846009439771,-380.22855197179825,-1059.4328995727244,-301.32339014266785,-980.5277377435941
U,QL-R1,L08-11-1,LEF-7-9,-300.3082499699269,-980.5449734713856,-380.21131624400675,-1060.4480397454654,-323.642773749083,-1117.0165822403892,-243.73970747500317,-1037.1135159663093,-300.39708025931344,-981.4540476269485,-379.30224208844385,-1060.3592094560788,-323.5539434596964,-1116.1075080848263,-244.64878163056602,-1037.202346255696
U,QL-R1,L08-11-0,LEF-7-9,-243.63364145782515,-1037.2195819834874,-323.536707731905,-1117.122648257567,-266.9681652369812,-1173.691190752491,-187.06509896290135,-1093.7881244784112,-243.7224717472116,-1038.1286561390505,-322.627633576342,-1117.0338179681808,-266.8793349475946,-1172.782116596928,-187.9741731184642,-1093.876954767798
