Layer,qname,Si detector,LEF,Die BL x,Die BL y,Die BR x,Die BR y,Die TR x,Die TR y,Die TL x,Die TL y,Active BL x,Active BL y,Active BR x,Active BR y,Active TR x,Active TR y,Active TL x,Active TL y
Y,QL-R3,L12-16-11,LEF-2-1,-0.09999999999998958,85.1,-113.09999999999998,85.10000000000001,-113.1,5.1000000000000085,-0.09999999999999938,5.099999999999994,-0.8056249999999896,84.52,-112.394375,84.52000000000001,-112.39437500000001,5.680000000000006,-0.8056249999999993,5.679999999999993
Y,QL-R3,L12-16-10,LEF-2-1,-0.09999999999997977,165.25,-113.09999999999998,165.25,-113.09999999999998,85.25000000000001,-0.09999999999998957,85.25,-0.8056249999999797,164.67,-112.394375,164.67,-112.394375,85.83,-0.8056249999999894,85.82999999999998
Y,QL-R3,L12-16-9,LEF-2-1,-0.09999999999996995,245.4,-113.09999999999997,245.4,-113.09999999999998,165.4,-0.09999999999997974,165.4,-0.80562499999997,244.82,-112.39437499999998,244.82,-112.394375,165.98,-0.8056249999999796,165.98
Y,QL-R3,L12-16-8,LEF-2-1,-0.09999999999996013,325.55,-113.09999999999995,325.55,-113.09999999999997,245.55,-0.09999999999996993,245.55,-0.8056249999999602,324.97,-112.39437499999997,324.97,-112.39437499999998,246.13000000000002,-0.8056249999999698,246.13000000000002
Y,QL-R3,L12-16-7,LEF-2-1,-0.09999999999995032,405.70000000000005,-113.09999999999995,405.70000000000005,-113.09999999999995,325.70000000000005,-0.09999999999996012,325.70000000000005,-0.8056249999999503,405.12000000000006,-112.39437499999997,405.12000000000006,-112.39437499999997,326.2800000000001,-0.80562499999996,326.2800000000001
Y,QL-R3,L12-16-6,LEF-2-1,-0.09999999999994051,485.85,-113.09999999999994,485.85,-113.09999999999995,405.85,-0.09999999999995031,405.85,-0.8056249999999405,485.27000000000004,-112.39437499999995,485.27000000000004,-112.39437499999995,406.43000000000006,-0.8056249999999502,406.43000000000006
Y,QL-R3,L12-16-5,LEF-2-1,-0.09999999999993069,566.0,-113.09999999999992,566.0,-113.09999999999994,486.0,-0.09999999999994048,486.0,-0.8056249999999306,565.42,-112.39437499999994,565.42,-112.39437499999995,486.5799999999999,-0.8056249999999403,486.5799999999999
Y,QL-R3,L12-16-4,LEF-2-1,-0.09999999999992087,646.1500000000001,-113.09999999999991,646.1500000000001,-113.09999999999992,566.1500000000001,-0.09999999999993067,566.1500000000001,-0.8056249999999209,645.57,-112.39437499999993,645.57,-112.39437499999994,566.73,-0.8056249999999305,566.73
Y,QL-R3,L12-16-3,LEF-2-1,-0.09999999999991106,726.3000000000001,-113.09999999999991,726.3000000000001,-113.09999999999991,646.3000000000001,-0.09999999999992086,646.3000000000001,-0.805624999999911,725.72,-112.39437499999993,725.72,-112.39437499999993,646.88,-0.8056249999999207,646.88
Y,QL-R3,L12-16-2,LEF-2-1,-0.09999999999990124,806.45,-113.0999999999999,806.45,-113.09999999999991,726.45,-0.09999999999991104,726.45,-0.8056249999999012,805.87,-112.39437499999991,805.87,-112.39437499999993,727.03,-0.8056249999999109,727.03
Y,QL-R3,L12-16-1,LEF-2-1,-0.09999999999989143,886.6,-113.09999999999988,886.6,-113.0999999999999,806.6,-0.09999999999990122,806.6,-0.8056249999998915,886.02,-112.3943749999999,886.02,-112.39437499999991,807.18,-0.8056249999999011,807.18
Y,QL-R3,L12-16-0,LEF-2-1,-0.09999999999988161,966.7500000000001,-113.09999999999988,966.7500000000001,-113.09999999999988,886.7500000000001,-0.09999999999989141,886.7500000000001,-0.8056249999998816,966.1700000000001,-112.3943749999999,966.1700000000001,-112.3943749999999,887.33,-0.8056249999998912,887.33
Y,QL-R3,L12-03-11,LEF-2-2,-113.29999999999998,80.10000000000001,-226.3,80.10000000000002,-226.3,0.10000000000002203,-113.3,0.1000000000000082,-114.00562499999998,79.52000000000001,-225.594375,79.52000000000002,-225.594375,0.6800000000000203,-114.005625,0.6800000000000066
Y,QL-R3,L12-03-10,LEF-2-2,-113.29999999999998,160.25,-226.29999999999998,160.25000000000003,-226.3,80.25000000000003,-113.29999999999998,80.25000000000001,-114.00562499999998,159.67,-225.59437499999999,159.67000000000002,-225.594375,80.83000000000001,-114.00562499999998,80.83
Y,QL-R3,L12-03-9,LEF-2-2,-113.29999999999997,240.4,-226.29999999999998,240.40000000000003,-226.29999999999998,160.40000000000003,-113.29999999999998,160.4,-114.00562499999997,239.82,-225.59437499999999,239.82000000000002,-225.59437499999999,160.98000000000002,-114.00562499999998,160.98
Y,QL-R3,L12-03-8,LEF-2-2,-113.29999999999995,320.55,-226.29999999999998,320.55,-226.29999999999998,240.55000000000004,-113.29999999999997,240.55,-114.00562499999995,319.97,-225.59437499999999,319.97,-225.59437499999999,241.13000000000005,-114.00562499999997,241.13000000000002
Y,QL-R3,L12-03-7,LEF-2-2,-113.29999999999995,400.70000000000005,-226.29999999999995,400.70000000000005,-226.29999999999998,320.70000000000005,-113.29999999999995,320.70000000000005,-114.00562499999995,400.12000000000006,-225.59437499999996,400.12000000000006,-225.59437499999999,321.2800000000001,-114.00562499999995,321.2800000000001
Y,QL-R3,L12-03-6,LEF-2-2,-113.29999999999994,480.85,-226.29999999999995,480.85,-226.29999999999995,400.85,-113.29999999999995,400.85,-114.00562499999994,480.27000000000004,-225.59437499999996,480.27000000000004,-225.59437499999996,401.43000000000006,-114.00562499999995,401.43000000000006
Y,QL-R3,L12-03-5,LEF-2-2,-113.29999999999993,561.0,-226.29999999999995,561.0,-226.29999999999995,481.0,-113.29999999999994,481.0,-114.00562499999992,560.42,-225.59437499999996,560.42,-225.59437499999996,481.5799999999999,-114.00562499999994,481.5799999999999
Y,QL-R3,L12-03-4,LEF-2-2,-113.29999999999991,641.1500000000001,-226.29999999999993,641.1500000000001,-226.29999999999995,561.1500000000001,-113.29999999999993,561.1500000000001,-114.00562499999991,640.57,-225.59437499999993,640.57,-225.59437499999996,561.73,-114.00562499999992,561.73
Y,QL-R3,L12-03-3,LEF-2-2,-113.29999999999991,721.3000000000001,-226.29999999999993,721.3000000000001,-226.29999999999993,641.3000000000001,-113.29999999999991,641.3000000000001,-114.00562499999991,720.72,-225.59437499999993,720.72,-225.59437499999993,641.88,-114.00562499999991,641.88
Y,QL-R3,L12-03-2,LEF-2-2,-113.2999999999999,801.45,-226.29999999999993,801.45,-226.29999999999993,721.45,-113.29999999999991,721.45,-114.0056249999999,800.87,-225.59437499999993,800.87,-225.59437499999993,722.03,-114.00562499999991,722.03
Y,QL-R3,L12-03-1,LEF-2-2,-113.29999999999988,881.6,-226.2999999999999,881.6,-226.29999999999993,801.6,-113.2999999999999,801.6,-114.00562499999988,881.02,-225.5943749999999,881.02,-225.59437499999993,802.18,-114.0056249999999,802.18
Y,QL-R3,L12-03-0,LEF-2-2,-113.29999999999988,961.7500000000001,-226.2999999999999,961.7500000000001,-226.2999999999999,881.7500000000001,-113.29999999999988,881.7500000000001,-114.00562499999988,961.1700000000001,-225.5943749999999,961.1700000000001,-225.5943749999999,882.33,-114.00562499999988,882.33
Y,QL-R3,L12-29-11,LEF-2-3,-226.5,80.10000000000002,-339.5,80.10000000000004,-339.5,0.1000000000000359,-226.5,0.10000000000002206,-227.205625,79.52000000000002,-338.794375,79.52000000000004,-338.794375,0.6800000000000341,-227.205625,0.6800000000000205
Y,QL-R3,L12-29-10,LEF-2-3,-226.49999999999997,160.25000000000003,-339.5,160.25000000000003,-339.5,80.25000000000004,-226.5,80.25000000000003,-227.20562499999997,159.67000000000002,-338.794375,159.67000000000002,-338.794375,80.83000000000003,-227.205625,80.83000000000001
Y,QL-R3,L12-29-9,LEF-2-3,-226.49999999999997,240.40000000000003,-339.49999999999994,240.40000000000003,-339.5,160.40000000000003,-226.49999999999997,160.40000000000003,-227.20562499999997,239.82000000000002,-338.79437499999995,239.82000000000002,-338.794375,160.98000000000002,-227.20562499999997,160.98000000000002
Y,QL-R3,L12-29-8,LEF-2-3,-226.49999999999997,320.55,-339.49999999999994,320.55000000000007,-339.49999999999994,240.55000000000004,-226.49999999999997,240.55000000000004,-227.20562499999997,319.97,-338.79437499999995,319.9700000000001,-338.79437499999995,241.13000000000005,-227.20562499999997,241.13000000000005
Y,QL-R3,L12-29-7,LEF-2-3,-226.49999999999994,400.70000000000005,-339.49999999999994,400.7000000000001,-339.49999999999994,320.7000000000001,-226.49999999999997,320.70000000000005,-227.20562499999994,400.12000000000006,-338.79437499999995,400.1200000000001,-338.79437499999995,321.28000000000014,-227.20562499999997,321.2800000000001
Y,QL-R3,L12-29-6,LEF-2-3,-226.49999999999994,480.85,-339.49999999999994,480.8500000000001,-339.49999999999994,400.8500000000001,-226.49999999999994,400.85,-227.20562499999994,480.27000000000004,-338.79437499999995,480.2700000000001,-338.79437499999995,401.4300000000001,-227.20562499999994,401.43000000000006
Y,QL-R3,L12-29-5,LEF-2-3,-226.49999999999994,561.0,-339.49999999999994,561.0,-339.49999999999994,481.00000000000006,-226.49999999999994,481.0,-227.20562499999994,560.42,-338.79437499999995,560.42,-338.79437499999995,481.58,-227.20562499999994,481.5799999999999
Y,QL-R3,L12-29-4,LEF-2-3,-226.49999999999991,641.1500000000001,-339.49999999999994,641.1500000000001,-339.49999999999994,561.1500000000001,-226.49999999999994,561.1500000000001,-227.2056249999999,640.57,-338.79437499999995,640.57,-338.79437499999995,561.73,-227.20562499999994,561.73
Y,QL-R3,L12-29-3,LEF-2-3,-226.49999999999991,721.3000000000001,-339.4999999999999,721.3000000000001,-339.49999999999994,641.3000000000001,-226.49999999999991,641.3000000000001,-227.2056249999999,720.72,-338.7943749999999,720.72,-338.79437499999995,641.88,-227.2056249999999,641.88
Y,QL-R3,L12-29-2,LEF-2-3,-226.49999999999991,801.45,-339.4999999999999,801.45,-339.4999999999999,721.45,-226.49999999999991,721.45,-227.2056249999999,800.87,-338.7943749999999,800.87,-338.7943749999999,722.03,-227.2056249999999,722.03
Y,QL-R3,L12-29-1,LEF-2-3,-226.4999999999999,881.6,-339.4999999999999,881.6,-339.4999999999999,801.6,-226.49999999999991,801.6,-227.20562499999988,881.02,-338.7943749999999,881.02,-338.7943749999999,802.18,-227.2056249999999,802.18
Y,QL-R3,L12-29-0,LEF-2-3,-226.4999999999999,961.7500000000001,-339.4999999999999,961.7500000000001,-339.4999999999999,881.7500000000001,-226.4999999999999,881.7500000000001,-227.20562499999988,961.1700000000001,-338.7943749999999,961.1700000000001,-338.7943749999999,882.33,-227.20562499999988,882.33
Y,QL-R3,L12-46-11,LEF-2-4,-339.70000000000005,80.10000000000004,-452.70000000000005,80.10000000000005,-452.70000000000005,0.10000000000004976,-339.70000000000005,0.10000000000003592,-340.40562500000004,79.52000000000004,-451.99437500000005,79.52000000000005,-451.99437500000005,0.680000000000048,-340.40562500000004,0.6800000000000342
Y,QL-R3,L12-46-10,LEF-2-4,-339.70000000000005,160.25000000000003,-452.70000000000005,160.25000000000006,-452.70000000000005,80.25000000000006,-339.70000000000005,80.25000000000004,-340.40562500000004,159.67000000000002,-451.99437500000005,159.67000000000004,-451.99437500000005,80.83000000000004,-340.40562500000004,80.83000000000003
Y,QL-R3,L12-46-9,LEF-2-4,-339.7,240.40000000000003,-452.7,240.40000000000006,-452.70000000000005,160.40000000000006,-339.70000000000005,160.40000000000003,-340.405625,239.82000000000002,-451.994375,239.82000000000005,-451.99437500000005,160.98000000000005,-340.40562500000004,160.98000000000002
Y,QL-R3,L12-46-8,LEF-2-4,-339.7,320.55000000000007,-452.7,320.55000000000007,-452.7,240.55000000000007,-339.7,240.55000000000004,-340.405625,319.9700000000001,-451.994375,319.9700000000001,-451.994375,241.13000000000008,-340.405625,241.13000000000005
Y,QL-R3,L12-46-7,LEF-2-4,-339.7,400.7000000000001,-452.7,400.7000000000001,-452.7,320.7000000000001,-339.7,320.7000000000001,-340.405625,400.1200000000001,-451.994375,400.1200000000001,-451.994375,321.28000000000014,-340.405625,321.28000000000014
Y,QL-R3,L12-46-6,LEF-2-4,-339.7,480.8500000000001,-452.7,480.8500000000001,-452.7,400.8500000000001,-339.7,400.8500000000001,-340.405625,480.2700000000001,-451.994375,480.2700000000001,-451.994375,401.4300000000001,-340.405625,401.4300000000001
Y,QL-R3,L12-46-5,LEF-2-4,-339.7,561.0,-452.7,561.0,-452.7,481.00000000000006,-339.7,481.00000000000006,-340.405625,560.42,-451.994375,560.42,-451.994375,481.58,-340.405625,481.58
Y,QL-R3,L12-46-4,LEF-2-4,-339.7,641.1500000000001,-452.7,641.1500000000001,-452.7,561.1500000000001,-339.7,561.1500000000001,-340.405625,640.57,-451.994375,640.57,-451.994375,561.73,-340.405625,561.73
Y,QL-R3,L12-46-3,LEF-2-4,-339.69999999999993,721.3000000000001,-452.69999999999993,721.3000000000001,-452.7,641.3000000000001,-339.7,641.3000000000001,-340.40562499999993,720.72,-451.99437499999993,720.72,-451.994375,641.88,-340.405625,641.88
Y,QL-R3,L12-46-2,LEF-2-4,-339.69999999999993,801.45,-452.69999999999993,801.45,-452.69999999999993,721.45,-339.69999999999993,721.45,-340.40562499999993,800.87,-451.99437499999993,800.87,-451.99437499999993,722.03,-340.40562499999993,722.03
Y,QL-R3,L12-46-1,LEF-2-4,-339.69999999999993,881.6,-452.69999999999993,881.6,-452.69999999999993,801.6,-339.69999999999993,801.6,-340.40562499999993,881.02,-451.99437499999993,881.02,-451.99437499999993,802.18,-340.40562499999993,802.18
Y,QL-R3,L12-46-0,LEF-2-4,-339.69999999999993,961.7500000000001,-452.69999999999993,961.7500000000001,-452.69999999999993,881.7500000000001,-339.69999999999993,881.7500000000001,-340.40562499999993,961.1700000000001,-451.99437499999993,961.1700000000001,-451.99437499999993,882.33,-340.40562499999993,882.33
Y,QL-R3,L12-45-11,LEF-2-5,-452.90000000000003,80.10000000000005,-565.9000000000001,80.10000000000007,-565.9000000000001,0.10000000000006362,-452.90000000000003,0.10000000000004979,-453.60562500000003,79.52000000000005,-565.194375,79.52000000000007,-565.194375,0.6800000000000618,-453.60562500000003,0.6800000000000481
Y,QL-R3,L12-45-10,LEF-2-5,-452.90000000000003,160.25000000000006,-565.9000000000001,160.25000000000006,-565.9000000000001,80.25000000000007,-452.90000000000003,80.25000000000006,-453.60562500000003,159.67000000000004,-565.194375,159.67000000000004,-565.194375,80.83000000000006,-453.60562500000003,80.83000000000004
Y,QL-R3,L12-45-9,LEF-2-5,-452.9,240.40000000000006,-565.9000000000001,240.40000000000006,-565.9000000000001,160.40000000000006,-452.90000000000003,160.40000000000006,-453.605625,239.82000000000005,-565.194375,239.82000000000005,-565.194375,160.98000000000005,-453.60562500000003,160.98000000000005
Y,QL-R3,L12-45-8,LEF-2-5,-452.9,320.55000000000007,-565.9000000000001,320.55000000000007,-565.9000000000001,240.55000000000007,-452.9,240.55000000000007,-453.605625,319.9700000000001,-565.194375,319.9700000000001,-565.194375,241.13000000000008,-453.605625,241.13000000000008
Y,QL-R3,L12-45-7,LEF-2-5,-452.9,400.7000000000001,-565.9000000000001,400.7000000000001,-565.9000000000001,320.7000000000001,-452.9,320.7000000000001,-453.605625,400.1200000000001,-565.194375,400.1200000000001,-565.194375,321.28000000000014,-453.605625,321.28000000000014
Y,QL-R3,L12-45-6,LEF-2-5,-452.9,480.8500000000001,-565.9,480.8500000000001,-565.9000000000001,400.8500000000001,-452.9,400.8500000000001,-453.605625,480.2700000000001,-565.1943749999999,480.2700000000001,-565.194375,401.4300000000001,-453.605625,401.4300000000001
Y,QL-R3,L12-45-5,LEF-2-5,-452.9,561.0,-565.9,561.0000000000001,-565.9,481.00000000000006,-452.9,481.00000000000006,-453.605625,560.42,-565.1943749999999,560.4200000000001,-565.1943749999999,481.58,-453.605625,481.58
Y,QL-R3,L12-45-4,LEF-2-5,-452.9,641.1500000000001,-565.9,641.1500000000002,-565.9,561.1500000000002,-452.9,561.1500000000001,-453.605625,640.57,-565.1943749999999,640.5700000000002,-565.1943749999999,561.7300000000001,-453.605625,561.73
Y,QL-R3,L12-45-3,LEF-2-5,-452.8999999999999,721.3000000000001,-565.9,721.3000000000002,-565.9,641.3000000000002,-452.9,641.3000000000001,-453.6056249999999,720.72,-565.1943749999999,720.7200000000001,-565.1943749999999,641.8800000000001,-453.605625,641.88
Y,QL-R3,L12-45-2,LEF-2-5,-452.8999999999999,801.45,-565.9,801.4500000000002,-565.9,721.4500000000002,-452.8999999999999,721.45,-453.6056249999999,800.87,-565.1943749999999,800.8700000000001,-565.1943749999999,722.0300000000001,-453.6056249999999,722.03
Y,QL-R3,L12-45-1,LEF-2-5,-452.8999999999999,881.6,-565.9,881.6000000000001,-565.9,801.6000000000001,-452.8999999999999,801.6,-453.6056249999999,881.02,-565.1943749999999,881.0200000000001,-565.1943749999999,802.1800000000001,-453.6056249999999,802.18
Y,QL-R3,L12-45-0,LEF-2-5,-452.8999999999999,961.7500000000001,-565.9,961.7500000000002,-565.9,881.7500000000002,-452.8999999999999,881.7500000000001,-453.6056249999999,961.1700000000001,-565.1943749999999,961.1700000000002,-565.1943749999999,882.3300000000002,-453.6056249999999,882.33
Y,QL-R3,L10-18-9,LEF-2-6,-566.1,80.10000000000007,-679.1,80.10000000000008,-679.1,0.10000000000007749,-566.1,0.10000000000006365,-566.8056250000001,79.52000000000007,-678.3943750000001,79.52000000000008,-678.3943750000001,0.6800000000000757,-566.8056250000001,0.680000000000062
Y,QL-R3,L10-18-8,LEF-2-6,-566.1,160.25000000000006,-679.1,160.25000000000009,-679.1,80.25000000000009,-566.1,80.25000000000007,-566.8056250000001,159.67000000000004,-678.3943750000001,159.67000000000007,-678.3943750000001,80.83000000000007,-566.8056250000001,80.83000000000006
Y,QL-R3,L10-18-7,LEF-2-6,-566.1,240.40000000000006,-679.1,240.4000000000001,-679.1,160.4000000000001,-566.1,160.40000000000006,-566.8056250000001,239.82000000000005,-678.3943750000001,239.82000000000008,-678.3943750000001,160.98000000000008,-566.8056250000001,160.98000000000005
Y,QL-R3,L10-18-6,LEF-2-6,-566.1,320.55000000000007,-679.1,320.55000000000007,-679.1,240.5500000000001,-566.1,240.55000000000007,-566.8056250000001,319.9700000000001,-678.3943750000001,319.9700000000001,-678.3943750000001,241.1300000000001,-566.8056250000001,241.13000000000008
Y,QL-R3,L10-18-5,LEF-2-6,-566.1,400.7000000000001,-679.1,400.7000000000001,-679.1,320.7000000000001,-566.1,320.7000000000001,-566.8056250000001,400.1200000000001,-678.3943750000001,400.1200000000001,-678.3943750000001,321.28000000000014,-566.8056250000001,321.28000000000014
Y,QL-R3,L10-18-4,LEF-2-6,-566.0999999999999,480.8500000000001,-679.0999999999999,480.8500000000001,-679.1,400.8500000000001,-566.1,400.8500000000001,-566.805625,480.2700000000001,-678.394375,480.2700000000001,-678.3943750000001,401.4300000000001,-566.8056250000001,401.4300000000001
Y,QL-R3,L10-18-3,LEF-2-6,-566.0999999999999,561.0000000000001,-679.0999999999999,561.0000000000001,-679.0999999999999,481.00000000000006,-566.0999999999999,481.00000000000006,-566.805625,560.4200000000001,-678.394375,560.4200000000001,-678.394375,481.58,-566.805625,481.58
Y,QL-R3,L10-18-2,LEF-2-6,-566.0999999999999,641.1500000000002,-679.0999999999999,641.1500000000002,-679.0999999999999,561.1500000000002,-566.0999999999999,561.1500000000002,-566.805625,640.5700000000002,-678.394375,640.5700000000002,-678.394375,561.7300000000001,-566.805625,561.7300000000001
Y,QL-R3,L10-18-1,LEF-2-6,-566.0999999999999,721.3000000000002,-679.0999999999999,721.3000000000002,-679.0999999999999,641.3000000000002,-566.0999999999999,641.3000000000002,-566.805625,720.7200000000001,-678.394375,720.7200000000001,-678.394375,641.8800000000001,-566.805625,641.8800000000001
Y,QL-R3,L10-18-0,LEF-2-6,-566.0999999999999,801.4500000000002,-679.0999999999999,801.4500000000002,-679.0999999999999,721.4500000000002,-566.0999999999999,721.4500000000002,-566.805625,800.8700000000001,-678.394375,800.8700000000001,-678.394375,722.0300000000001,-566.805625,722.0300000000001
Y,QL-R3,L10-17-9,LEF-2-7,-679.3000000000001,80.10000000000008,-792.3000000000001,80.1000000000001,-792.3000000000001,0.10000000000009135,-679.3000000000001,0.1000000000000775,-680.0056250000001,79.52000000000008,-791.5943750000001,79.5200000000001,-791.5943750000001,0.6800000000000895,-680.0056250000001,0.6800000000000759
Y,QL-R3,L10-17-8,LEF-2-7,-679.3000000000001,160.25000000000009,-792.3000000000001,160.25000000000009,-792.3000000000001,80.2500000000001,-679.3000000000001,80.25000000000009,-680.0056250000001,159.67000000000007,-791.5943750000001,159.67000000000007,-791.5943750000001,80.83000000000008,-680.0056250000001,80.83000000000007
Y,QL-R3,L10-17-7,LEF-2-7,-679.3000000000001,240.4000000000001,-792.3000000000001,240.4000000000001,-792.3000000000001,160.4000000000001,-679.3000000000001,160.4000000000001,-680.0056250000001,239.82000000000008,-791.5943750000001,239.82000000000008,-791.5943750000001,160.98000000000008,-680.0056250000001,160.98000000000008
Y,QL-R3,L10-17-6,LEF-2-7,-679.3000000000001,320.55000000000007,-792.3000000000001,320.5500000000001,-792.3000000000001,240.5500000000001,-679.3000000000001,240.5500000000001,-680.0056250000001,319.9700000000001,-791.5943750000001,319.97000000000014,-791.5943750000001,241.1300000000001,-680.0056250000001,241.1300000000001
Y,QL-R3,L10-17-5,LEF-2-7,-679.3000000000001,400.7000000000001,-792.3000000000001,400.70000000000016,-792.3000000000001,320.70000000000016,-679.3000000000001,320.7000000000001,-680.0056250000001,400.1200000000001,-791.5943750000001,400.1200000000002,-791.5943750000001,321.2800000000002,-680.0056250000001,321.28000000000014
Y,QL-R3,L10-17-4,LEF-2-7,-679.3,480.8500000000001,-792.3,480.85000000000014,-792.3000000000001,400.85000000000014,-679.3000000000001,400.8500000000001,-680.005625,480.2700000000001,-791.594375,480.27000000000015,-791.5943750000001,401.4300000000002,-680.0056250000001,401.4300000000001
Y,QL-R3,L10-17-3,LEF-2-7,-679.3,561.0000000000001,-792.3,561.0000000000001,-792.3,481.0000000000001,-679.3,481.00000000000006,-680.005625,560.4200000000001,-791.594375,560.4200000000001,-791.594375,481.58000000000004,-680.005625,481.58
Y,QL-R3,L10-17-2,LEF-2-7,-679.3,641.1500000000002,-792.3,641.1500000000002,-792.3,561.1500000000002,-679.3,561.1500000000002,-680.005625,640.5700000000002,-791.594375,640.5700000000002,-791.594375,561.7300000000001,-680.005625,561.7300000000001
Y,QL-R3,L10-17-1,LEF-2-7,-679.3,721.3000000000002,-792.3,721.3000000000002,-792.3,641.3000000000002,-679.3,641.3000000000002,-680.005625,720.7200000000001,-791.594375,720.7200000000001,-791.594375,641.8800000000001,-680.005625,641.8800000000001
Y,QL-R3,L10-17-0,LEF-2-7,-679.3,801.4500000000002,-792.3,801.4500000000002,-792.3,721.4500000000002,-679.3,721.4500000000002,-680.005625,800.8700000000001,-791.594375,800.8700000000001,-791.594375,722.0300000000001,-680.005625,722.0300000000001
Y,QL-R3,L08-05-7,LEF-2-8,-792.5,80.1000000000001,-905.5,80.10000000000011,-905.5,0.10000000000010521,-792.5,0.10000000000009136,-793.205625,79.5200000000001,-904.7943750000001,79.52000000000011,-904.7943750000001,0.6800000000001034,-793.205625,0.6800000000000898
Y,QL-R3,L08-05-6,LEF-2-8,-792.5,160.25000000000009,-905.5,160.2500000000001,-905.5,80.25000000000011,-792.5,80.2500000000001,-793.205625,159.67000000000007,-904.7943750000001,159.6700000000001,-904.7943750000001,80.8300000000001,-793.205625,80.83000000000008
Y,QL-R3,L08-05-5,LEF-2-8,-792.5,240.4000000000001,-905.5,240.40000000000012,-905.5,160.40000000000012,-792.5,160.4000000000001,-793.205625,239.82000000000008,-904.7943750000001,239.8200000000001,-904.7943750000001,160.9800000000001,-793.205625,160.98000000000008
Y,QL-R3,L08-05-4,LEF-2-8,-792.5,320.5500000000001,-905.5,320.5500000000001,-905.5,240.55000000000013,-792.5,240.5500000000001,-793.205625,319.97000000000014,-904.7943750000001,319.97000000000014,-904.7943750000001,241.13000000000014,-793.205625,241.1300000000001
Y,QL-R3,L08-05-3,LEF-2-8,-792.5,400.70000000000016,-905.5,400.70000000000016,-905.5,320.70000000000016,-792.5,320.70000000000016,-793.205625,400.1200000000002,-904.7943750000001,400.1200000000002,-904.7943750000001,321.2800000000002,-793.205625,321.2800000000002
Y,QL-R3,L08-05-2,LEF-2-8,-792.4999999999999,480.85000000000014,-905.4999999999999,480.85000000000014,-905.5,400.85000000000014,-792.5,400.85000000000014,-793.2056249999999,480.27000000000015,-904.794375,480.27000000000015,-904.7943750000001,401.4300000000002,-793.205625,401.4300000000002
Y,QL-R3,L08-05-1,LEF-2-8,-792.4999999999999,561.0000000000001,-905.4999999999999,561.0000000000001,-905.4999999999999,481.0000000000001,-792.4999999999999,481.0000000000001,-793.2056249999999,560.4200000000001,-904.794375,560.4200000000001,-904.794375,481.58000000000004,-793.2056249999999,481.58000000000004
Y,QL-R3,L08-05-0,LEF-2-8,-792.4999999999999,641.1500000000002,-905.4999999999999,641.1500000000002,-905.4999999999999,561.1500000000002,-792.4999999999999,561.1500000000002,-793.2056249999999,640.5700000000002,-904.794375,640.5700000000002,-904.794375,561.7300000000001,-793.2056249999999,561.7300000000001
Y,QL-R3,L08-18-7,LEF-2-9,-905.7,80.10000000000011,-1018.7,80.10000000000012,-1018.7,0.10000000000011908,-905.7,0.10000000000010523,-906.4056250000001,79.52000000000011,-1017.9943750000001,79.52000000000012,-1017.9943750000001,0.6800000000001173,-906.4056250000001,0.6800000000001036
Y,QL-R3,L08-18-6,LEF-2-9,-905.7,160.2500000000001,-1018.7,160.2500000000001,-1018.7,80.25000000000013,-905.7,80.25000000000011,-906.4056250000001,159.6700000000001,-1017.9943750000001,159.6700000000001,-1017.9943750000001,80.83000000000011,-906.4056250000001,80.8300000000001
Y,QL-R3,L08-18-5,LEF-2-9,-905.7,240.40000000000012,-1018.7,240.40000000000012,-1018.7,160.40000000000012,-905.7,160.40000000000012,-906.4056250000001,239.8200000000001,-1017.9943750000001,239.8200000000001,-1017.9943750000001,160.9800000000001,-906.4056250000001,160.9800000000001
Y,QL-R3,L08-18-4,LEF-2-9,-905.7,320.5500000000001,-1018.7,320.5500000000001,-1018.7,240.55000000000013,-905.7,240.55000000000013,-906.4056250000001,319.97000000000014,-1017.9943750000001,319.97000000000014,-1017.9943750000001,241.13000000000014,-906.4056250000001,241.13000000000014
Y,QL-R3,L08-18-3,LEF-2-9,-905.7,400.70000000000016,-1018.7,400.70000000000016,-1018.7,320.70000000000016,-905.7,320.70000000000016,-906.4056250000001,400.1200000000002,-1017.9943750000001,400.1200000000002,-1017.9943750000001,321.2800000000002,-906.4056250000001,321.2800000000002
Y,QL-R3,L08-18-2,LEF-2-9,-905.6999999999999,480.85000000000014,-1018.6999999999999,480.85000000000014,-1018.7,400.85000000000014,-905.7,400.85000000000014,-906.405625,480.27000000000015,-1017.994375,480.27000000000015,-1017.9943750000001,401.4300000000002,-906.4056250000001,401.4300000000002
Y,QL-R3,L08-18-1,LEF-2-9,-905.6999999999999,561.0000000000001,-1018.6999999999999,561.0000000000001,-1018.6999999999999,481.0000000000001,-905.6999999999999,481.0000000000001,-906.405625,560.4200000000001,-1017.994375,560.4200000000001,-1017.994375,481.58000000000004,-906.405625,481.58000000000004
Y,QL-R3,L08-18-0,LEF-2-9,-905.6999999999999,641.1500000000002,-1018.6999999999999,641.1500000000002,-1018.6999999999999,561.1500000000002,-905.6999999999999,561.1500000000002,-906.405625,640.5700000000002,-1017.994375,640.5700000000002,-1017.994375,561.7300000000001,-906.405625,561.7300000000001
Y,QL-L2,L12-41-11,LEF-4-1,113.10000000000001,85.09999999999998,0.10000000000000474,85.1,0.09999999999999494,5.099999999999994,113.1,5.09999999999998,112.39437500000001,84.51999999999998,0.8056250000000024,84.52,0.8056249999999927,5.679999999999993,112.394375,5.679999999999979
Y,QL-L2,L12-41-10,LEF-4-1,113.10000000000001,165.25,0.10000000000001455,165.25,0.10000000000000475,85.25,113.10000000000001,85.24999999999999,112.39437500000001,164.67,0.8056250000000122,164.67,0.8056250000000026,85.82999999999998,112.39437500000001,85.82999999999997
Y,QL-L2,L12-41-9,LEF-4-1,113.10000000000002,245.4,0.10000000000002437,245.4,0.10000000000001458,165.4,113.10000000000001,165.4,112.39437500000003,244.82,0.805625000000022,244.82,0.8056250000000124,165.98,112.39437500000001,165.98
Y,QL-L2,L12-41-8,LEF-4-1,113.10000000000004,325.55,0.10000000000003419,325.55,0.10000000000002439,245.55,113.10000000000002,245.55,112.39437500000004,324.97,0.8056250000000318,324.97,0.8056250000000221,246.13000000000002,112.39437500000003,246.13000000000002
Y,QL-L2,L12-41-7,LEF-4-1,113.10000000000004,405.70000000000005,0.100000000000044,405.70000000000005,0.1000000000000342,325.70000000000005,113.10000000000004,325.70000000000005,112.39437500000004,405.12000000000006,0.8056250000000417,405.12000000000006,0.805625000000032,326.2800000000001,112.39437500000004,326.2800000000001
Y,QL-L2,L12-41-6,LEF-4-1,113.10000000000005,485.85,0.10000000000005381,485.85,0.10000000000004401,405.85,113.10000000000004,405.85,112.39437500000005,485.27000000000004,0.8056250000000514,485.27000000000004,0.8056250000000418,406.43000000000006,112.39437500000005,406.43000000000006
Y,QL-L2,L12-41-5,LEF-4-1,113.10000000000007,566.0,0.10000000000006364,566.0,0.10000000000005384,486.0,113.10000000000005,486.0,112.39437500000007,565.42,0.8056250000000613,565.42,0.8056250000000517,486.5799999999999,112.39437500000005,486.5799999999999
Y,QL-L2,L12-41-4,LEF-4-1,113.10000000000008,646.1500000000001,0.10000000000007345,646.1500000000001,0.10000000000006365,566.1500000000001,113.10000000000007,566.1500000000001,112.39437500000008,645.57,0.8056250000000711,645.57,0.8056250000000614,566.73,112.39437500000007,566.73
Y,QL-L2,L12-41-3,LEF-4-1,113.10000000000008,726.3000000000001,0.10000000000008326,726.3000000000001,0.10000000000007346,646.3000000000001,113.10000000000008,646.3000000000001,112.39437500000008,725.72,0.805625000000081,725.72,0.8056250000000713,646.88,112.39437500000008,646.88
Y,QL-L2,L12-41-2,LEF-4-1,113.1000000000001,806.45,0.10000000000009308,806.45,0.10000000000008329,726.45,113.10000000000008,726.45,112.3943750000001,805.87,0.8056250000000907,805.87,0.8056250000000811,727.03,112.39437500000008,727.03
Y,QL-L2,L12-41-1,LEF-4-1,113.10000000000011,886.6,0.1000000000001029,886.6,0.1000000000000931,806.6,113.1000000000001,806.6,112.39437500000011,886.02,0.8056250000001005,886.02,0.8056250000000909,807.18,112.3943750000001,807.18
Y,QL-L2,L12-41-0,LEF-4-1,113.10000000000011,966.7500000000001,0.10000000000011271,966.7500000000001,0.10000000000010291,886.7500000000001,113.10000000000011,886.7500000000001,112.39437500000011,966.1700000000001,0.8056250000001104,966.1700000000001,0.8056250000001007,887.33,112.39437500000011,887.33
Y,QL-L2,L12-14-11,LEF-4-2,226.3,80.09999999999997,113.30000000000003,80.09999999999998,113.30000000000001,0.09999999999998044,226.3,0.0999999999999666,225.594375,79.51999999999997,114.00562500000002,79.51999999999998,114.00562500000001,0.6799999999999786,225.594375,0.679999999999965
Y,QL-L2,L12-14-10,LEF-4-2,226.30000000000004,160.24999999999997,113.30000000000003,160.25,113.30000000000003,80.24999999999999,226.3,80.24999999999997,225.59437500000004,159.66999999999996,114.00562500000002,159.67,114.00562500000002,80.82999999999997,225.594375,80.82999999999996
Y,QL-L2,L12-14-9,LEF-4-2,226.30000000000004,240.39999999999998,113.30000000000004,240.4,113.30000000000003,160.4,226.30000000000004,160.39999999999998,225.59437500000004,239.81999999999996,114.00562500000004,239.82,114.00562500000002,160.98,225.59437500000004,160.97999999999996
Y,QL-L2,L12-14-8,LEF-4-2,226.30000000000004,320.55,113.30000000000005,320.55,113.30000000000004,240.55,226.30000000000004,240.54999999999998,225.59437500000004,319.97,114.00562500000005,319.97,114.00562500000004,241.13000000000002,225.59437500000004,241.13
Y,QL-L2,L12-14-7,LEF-4-2,226.30000000000007,400.70000000000005,113.30000000000005,400.70000000000005,113.30000000000005,320.70000000000005,226.30000000000004,320.70000000000005,225.59437500000007,400.12000000000006,114.00562500000005,400.12000000000006,114.00562500000005,321.2800000000001,225.59437500000004,321.2800000000001
Y,QL-L2,L12-14-6,LEF-4-2,226.30000000000007,480.85,113.30000000000007,480.85,113.30000000000005,400.85,226.30000000000007,400.85,225.59437500000007,480.27000000000004,114.00562500000007,480.27000000000004,114.00562500000005,401.43000000000006,225.59437500000007,401.43000000000006
Y,QL-L2,L12-14-5,LEF-4-2,226.30000000000007,561.0,113.30000000000008,561.0,113.30000000000007,481.0,226.30000000000007,481.0,225.59437500000007,560.42,114.00562500000008,560.42,114.00562500000007,481.5799999999999,225.59437500000007,481.5799999999999
Y,QL-L2,L12-14-4,LEF-4-2,226.3000000000001,641.1500000000001,113.3000000000001,641.1500000000001,113.30000000000008,561.1500000000001,226.30000000000007,561.1500000000001,225.5943750000001,640.57,114.0056250000001,640.57,114.00562500000008,561.73,225.59437500000007,561.73
Y,QL-L2,L12-14-3,LEF-4-2,226.3000000000001,721.3000000000001,113.3000000000001,721.3000000000001,113.3000000000001,641.3000000000001,226.3000000000001,641.3000000000001,225.5943750000001,720.72,114.0056250000001,720.72,114.0056250000001,641.88,225.5943750000001,641.88
Y,QL-L2,L12-14-2,LEF-4-2,226.3000000000001,801.45,113.30000000000011,801.45,113.3000000000001,721.45,226.3000000000001,721.45,225.5943750000001,800.87,114.00562500000011,800.87,114.0056250000001,722.03,225.5943750000001,722.03
Y,QL-L2,L12-14-1,LEF-4-2,226.30000000000013,881.6,113.30000000000013,881.6,113.30000000000011,801.6,226.3000000000001,801.6,225.59437500000013,881.02,114.00562500000012,881.02,114.00562500000011,802.18,225.5943750000001,802.18
Y,QL-L2,L12-14-0,LEF-4-2,226.30000000000013,961.7500000000001,113.30000000000013,961.7500000000001,113.30000000000013,881.7500000000001,226.30000000000013,881.7500000000001,225.59437500000013,961.1700000000001,114.00562500000012,961.1700000000001,114.00562500000012,882.33,225.59437500000013,882.33
Y,QL-L2,L12-24-11,LEF-4-3,339.5,80.09999999999995,226.5,80.09999999999997,226.5,0.09999999999996657,339.5,0.09999999999995274,338.794375,79.51999999999995,227.205625,79.51999999999997,227.205625,0.6799999999999647,338.794375,0.6799999999999511
Y,QL-L2,L12-24-10,LEF-4-3,339.5,160.24999999999997,226.50000000000003,160.24999999999997,226.5,80.24999999999997,339.5,80.24999999999996,338.794375,159.66999999999996,227.20562500000003,159.66999999999996,227.205625,80.82999999999996,338.794375,80.82999999999994
Y,QL-L2,L12-24-9,LEF-4-3,339.50000000000006,240.39999999999998,226.50000000000003,240.39999999999998,226.50000000000003,160.39999999999998,339.5,160.39999999999998,338.79437500000006,239.81999999999996,227.20562500000003,239.81999999999996,227.20562500000003,160.97999999999996,338.794375,160.97999999999996
Y,QL-L2,L12-24-8,LEF-4-3,339.50000000000006,320.54999999999995,226.50000000000003,320.55,226.50000000000003,240.54999999999998,339.50000000000006,240.54999999999998,338.79437500000006,319.96999999999997,227.20562500000003,319.97,227.20562500000003,241.13,338.79437500000006,241.13
Y,QL-L2,L12-24-7,LEF-4-3,339.50000000000006,400.7,226.50000000000006,400.70000000000005,226.50000000000003,320.70000000000005,339.50000000000006,320.7,338.79437500000006,400.12,227.20562500000005,400.12000000000006,227.20562500000003,321.2800000000001,338.79437500000006,321.28000000000003
Y,QL-L2,L12-24-6,LEF-4-3,339.50000000000006,480.84999999999997,226.50000000000006,480.85,226.50000000000006,400.85,339.50000000000006,400.84999999999997,338.79437500000006,480.27,227.20562500000005,480.27000000000004,227.20562500000005,401.43000000000006,338.79437500000006,401.43
Y,QL-L2,L12-24-5,LEF-4-3,339.50000000000006,561.0,226.50000000000006,561.0,226.50000000000006,481.0,339.50000000000006,480.99999999999994,338.79437500000006,560.42,227.20562500000005,560.42,227.20562500000005,481.5799999999999,338.79437500000006,481.57999999999987
Y,QL-L2,L12-24-4,LEF-4-3,339.50000000000006,641.1500000000001,226.50000000000009,641.1500000000001,226.50000000000006,561.1500000000001,339.50000000000006,561.1500000000001,338.79437500000006,640.57,227.20562500000008,640.57,227.20562500000005,561.73,338.79437500000006,561.73
Y,QL-L2,L12-24-3,LEF-4-3,339.5000000000001,721.3000000000001,226.50000000000009,721.3000000000001,226.50000000000009,641.3000000000001,339.50000000000006,641.3000000000001,338.7943750000001,720.72,227.20562500000008,720.72,227.20562500000008,641.88,338.79437500000006,641.88
Y,QL-L2,L12-24-2,LEF-4-3,339.5000000000001,801.45,226.50000000000009,801.45,226.50000000000009,721.45,339.5000000000001,721.45,338.7943750000001,800.87,227.20562500000008,800.87,227.20562500000008,722.03,338.7943750000001,722.03
Y,QL-L2,L12-24-1,LEF-4-3,339.5000000000001,881.6,226.5000000000001,881.6,226.50000000000009,801.6,339.5000000000001,801.6,338.7943750000001,881.02,227.2056250000001,881.02,227.20562500000008,802.18,338.7943750000001,802.18
Y,QL-L2,L12-24-0,LEF-4-3,339.5000000000001,961.7500000000001,226.5000000000001,961.7500000000001,226.5000000000001,881.7500000000001,339.5000000000001,881.7500000000001,338.7943750000001,961.1700000000001,227.2056250000001,961.1700000000001,227.2056250000001,882.33,338.7943750000001,882.33
Y,QL-L2,L12-18-11,LEF-4-4,452.70000000000005,80.09999999999994,339.70000000000005,80.09999999999995,339.70000000000005,0.09999999999995271,452.70000000000005,0.09999999999993887,451.99437500000005,79.51999999999994,340.40562500000004,79.51999999999995,340.40562500000004,0.679999999999951,451.99437500000005,0.6799999999999372
Y,QL-L2,L12-18-10,LEF-4-4,452.70000000000005,160.24999999999994,339.70000000000005,160.24999999999997,339.70000000000005,80.24999999999996,452.70000000000005,80.24999999999994,451.99437500000005,159.66999999999993,340.40562500000004,159.66999999999996,340.40562500000004,80.82999999999994,451.99437500000005,80.82999999999993
Y,QL-L2,L12-18-9,LEF-4-4,452.7000000000001,240.39999999999995,339.7000000000001,240.39999999999998,339.70000000000005,160.39999999999998,452.70000000000005,160.39999999999995,451.9943750000001,239.81999999999994,340.4056250000001,239.81999999999996,340.40562500000004,160.97999999999996,451.99437500000005,160.97999999999993
Y,QL-L2,L12-18-8,LEF-4-4,452.7000000000001,320.54999999999995,339.7000000000001,320.54999999999995,339.7000000000001,240.54999999999998,452.7000000000001,240.54999999999995,451.9943750000001,319.96999999999997,340.4056250000001,319.96999999999997,340.4056250000001,241.13,451.9943750000001,241.12999999999997
Y,QL-L2,L12-18-7,LEF-4-4,452.7000000000001,400.7,339.7000000000001,400.7,339.7000000000001,320.7,452.7000000000001,320.7,451.9943750000001,400.12,340.4056250000001,400.12,340.4056250000001,321.28000000000003,451.9943750000001,321.28000000000003
Y,QL-L2,L12-18-6,LEF-4-4,452.7000000000001,480.84999999999997,339.7000000000001,480.84999999999997,339.7000000000001,400.84999999999997,452.7000000000001,400.84999999999997,451.9943750000001,480.27,340.4056250000001,480.27,340.4056250000001,401.43,451.9943750000001,401.43
Y,QL-L2,L12-18-5,LEF-4-4,452.7000000000001,561.0,339.7000000000001,561.0,339.7000000000001,480.99999999999994,452.7000000000001,480.99999999999994,451.9943750000001,560.42,340.4056250000001,560.42,340.4056250000001,481.57999999999987,451.9943750000001,481.57999999999987
Y,QL-L2,L12-18-4,LEF-4-4,452.7000000000001,641.1500000000001,339.7000000000001,641.1500000000001,339.7000000000001,561.1500000000001,452.7000000000001,561.1500000000001,451.9943750000001,640.57,340.4056250000001,640.57,340.4056250000001,561.73,451.9943750000001,561.73
Y,QL-L2,L12-18-3,LEF-4-4,452.70000000000016,721.3000000000001,339.70000000000016,721.3000000000001,339.7000000000001,641.3000000000001,452.7000000000001,641.3000000000001,451.99437500000016,720.72,340.40562500000016,720.72,340.4056250000001,641.88,451.9943750000001,641.88
Y,QL-L2,L12-18-2,LEF-4-4,452.70000000000016,801.45,339.70000000000016,801.45,339.70000000000016,721.45,452.70000000000016,721.45,451.99437500000016,800.87,340.40562500000016,800.87,340.40562500000016,722.03,451.99437500000016,722.03
Y,QL-L2,L12-18-1,LEF-4-4,452.70000000000016,881.6,339.70000000000016,881.6,339.70000000000016,801.6,452.70000000000016,801.6,451.99437500000016,881.02,340.40562500000016,881.02,340.40562500000016,802.18,451.99437500000016,802.18
Y,QL-L2,L12-18-0,LEF-4-4,452.70000000000016,961.7500000000001,339.70000000000016,961.7500000000001,339.70000000000016,881.7500000000001,452.70000000000016,881.7500000000001,451.99437500000016,961.1700000000001,340.40562500000016,961.1700000000001,340.40562500000016,882.33,451.99437500000016,882.33
Y,QL-L2,L12-06-11,LEF-4-5,565.9000000000001,80.09999999999992,452.9000000000001,80.09999999999994,452.9000000000001,0.09999999999993885,565.9000000000001,0.09999999999992501,565.194375,79.51999999999992,453.60562500000003,79.51999999999994,453.60562500000003,0.6799999999999371,565.194375,0.6799999999999234
Y,QL-L2,L12-06-10,LEF-4-5,565.9000000000001,160.24999999999994,452.9000000000001,160.24999999999994,452.9000000000001,80.24999999999994,565.9000000000001,80.24999999999993,565.194375,159.66999999999993,453.60562500000003,159.66999999999993,453.60562500000003,80.82999999999993,565.194375,80.82999999999991
Y,QL-L2,L12-06-9,LEF-4-5,565.9000000000001,240.39999999999995,452.90000000000015,240.39999999999995,452.9000000000001,160.39999999999995,565.9000000000001,160.39999999999995,565.194375,239.81999999999994,453.6056250000001,239.81999999999994,453.60562500000003,160.97999999999993,565.194375,160.97999999999993
Y,QL-L2,L12-06-8,LEF-4-5,565.9000000000001,320.54999999999995,452.90000000000015,320.54999999999995,452.90000000000015,240.54999999999995,565.9000000000001,240.54999999999995,565.194375,319.96999999999997,453.6056250000001,319.96999999999997,453.6056250000001,241.12999999999997,565.194375,241.12999999999997
Y,QL-L2,L12-06-7,LEF-4-5,565.9000000000001,400.7,452.90000000000015,400.7,452.90000000000015,320.7,565.9000000000001,320.7,565.194375,400.12,453.6056250000001,400.12,453.6056250000001,321.28000000000003,565.194375,321.28000000000003
Y,QL-L2,L12-06-6,LEF-4-5,565.9000000000002,480.84999999999997,452.90000000000015,480.84999999999997,452.90000000000015,400.84999999999997,565.9000000000001,400.84999999999997,565.1943750000002,480.27,453.6056250000001,480.27,453.6056250000001,401.43,565.194375,401.43
Y,QL-L2,L12-06-5,LEF-4-5,565.9000000000002,560.9999999999999,452.90000000000015,561.0,452.90000000000015,480.99999999999994,565.9000000000002,480.99999999999994,565.1943750000002,560.4199999999998,453.6056250000001,560.42,453.6056250000001,481.57999999999987,565.1943750000002,481.57999999999987
Y,QL-L2,L12-06-4,LEF-4-5,565.9000000000002,641.15,452.90000000000015,641.1500000000001,452.90000000000015,561.1500000000001,565.9000000000002,561.15,565.1943750000002,640.5699999999999,453.6056250000001,640.57,453.6056250000001,561.73,565.1943750000002,561.7299999999999
Y,QL-L2,L12-06-3,LEF-4-5,565.9000000000002,721.3,452.9000000000002,721.3000000000001,452.90000000000015,641.3000000000001,565.9000000000002,641.3,565.1943750000002,720.7199999999999,453.60562500000015,720.72,453.6056250000001,641.88,565.1943750000002,641.8799999999999
Y,QL-L2,L12-06-2,LEF-4-5,565.9000000000002,801.4499999999999,452.9000000000002,801.45,452.9000000000002,721.45,565.9000000000002,721.4499999999999,565.1943750000002,800.8699999999999,453.60562500000015,800.87,453.60562500000015,722.03,565.1943750000002,722.0299999999999
Y,QL-L2,L12-06-1,LEF-4-5,565.9000000000002,881.5999999999999,452.9000000000002,881.6,452.9000000000002,801.6,565.9000000000002,801.5999999999999,565.1943750000002,881.0199999999999,453.60562500000015,881.02,453.60562500000015,802.18,565.1943750000002,802.1799999999998
Y,QL-L2,L12-06-0,LEF-4-5,565.9000000000002,961.75,452.9000000000002,961.7500000000001,452.9000000000002,881.7500000000001,565.9000000000002,881.75,565.1943750000002,961.17,453.60562500000015,961.1700000000001,453.60562500000015,882.33,565.1943750000002,882.3299999999999
Y,QL-L2,L10-03-9,LEF-4-6,679.1,80.09999999999991,566.1,80.09999999999992,566.1,0.09999999999992498,679.1,0.09999999999991115,678.394375,79.51999999999991,566.805625,79.51999999999992,566.805625,0.6799999999999232,678.394375,0.6799999999999096
Y,QL-L2,L10-03-8,LEF-4-6,679.1,160.24999999999991,566.1,160.24999999999994,566.1,80.24999999999993,679.1,80.24999999999991,678.394375,159.6699999999999,566.805625,159.66999999999993,566.805625,80.82999999999991,678.394375,80.8299999999999
Y,QL-L2,L10-03-7,LEF-4-6,679.1,240.39999999999992,566.1,240.39999999999995,566.1,160.39999999999995,679.1,160.39999999999992,678.394375,239.8199999999999,566.805625,239.81999999999994,566.805625,160.97999999999993,678.394375,160.9799999999999
Y,QL-L2,L10-03-6,LEF-4-6,679.1,320.54999999999995,566.1,320.54999999999995,566.1,240.54999999999995,679.1,240.54999999999993,678.394375,319.96999999999997,566.805625,319.96999999999997,566.805625,241.12999999999997,678.394375,241.12999999999994
Y,QL-L2,L10-03-5,LEF-4-6,679.1,400.7,566.1,400.7,566.1,320.7,679.1,320.7,678.394375,400.12,566.805625,400.12,566.805625,321.28000000000003,678.394375,321.28000000000003
Y,QL-L2,L10-03-4,LEF-4-6,679.1000000000001,480.84999999999997,566.1000000000001,480.84999999999997,566.1,400.84999999999997,679.1,400.84999999999997,678.3943750000001,480.27,566.8056250000001,480.27,566.805625,401.43,678.394375,401.43
Y,QL-L2,L10-03-3,LEF-4-6,679.1000000000001,560.9999999999999,566.1000000000001,560.9999999999999,566.1000000000001,480.99999999999994,679.1000000000001,480.99999999999994,678.3943750000001,560.4199999999998,566.8056250000001,560.4199999999998,566.8056250000001,481.57999999999987,678.3943750000001,481.57999999999987
Y,QL-L2,L10-03-2,LEF-4-6,679.1000000000001,641.15,566.1000000000001,641.15,566.1000000000001,561.15,679.1000000000001,561.15,678.3943750000001,640.5699999999999,566.8056250000001,640.5699999999999,566.8056250000001,561.7299999999999,678.3943750000001,561.7299999999999
Y,QL-L2,L10-03-1,LEF-4-6,679.1000000000001,721.3,566.1000000000001,721.3,566.1000000000001,641.3,679.1000000000001,641.3,678.3943750000001,720.7199999999999,566.8056250000001,720.7199999999999,566.8056250000001,641.8799999999999,678.3943750000001,641.8799999999999
Y,QL-L2,L10-03-0,LEF-4-6,679.1000000000001,801.4499999999999,566.1000000000001,801.4499999999999,566.1000000000001,721.4499999999999,679.1000000000001,721.4499999999999,678.3943750000001,800.8699999999999,566.8056250000001,800.8699999999999,566.8056250000001,722.0299999999999,678.3943750000001,722.0299999999999
Y,QL-L2,L10-14-9,LEF-4-7,792.3000000000001,80.0999999999999,679.3000000000001,80.09999999999991,679.3000000000001,0.09999999999991113,792.3000000000001,0.09999999999989728,791.594375,79.5199999999999,680.005625,79.51999999999991,680.005625,0.6799999999999093,791.594375,0.6799999999998957
Y,QL-L2,L10-14-8,LEF-4-7,792.3000000000001,160.24999999999991,679.3000000000001,160.24999999999991,679.3000000000001,80.24999999999991,792.3000000000001,80.2499999999999,791.594375,159.6699999999999,680.005625,159.6699999999999,680.005625,80.8299999999999,791.594375,80.82999999999988
Y,QL-L2,L10-14-7,LEF-4-7,792.3000000000001,240.39999999999992,679.3000000000001,240.39999999999992,679.3000000000001,160.39999999999992,792.3000000000001,160.39999999999992,791.594375,239.8199999999999,680.005625,239.8199999999999,680.005625,160.9799999999999,791.594375,160.9799999999999
Y,QL-L2,L10-14-6,LEF-4-7,792.3000000000001,320.5499999999999,679.3000000000001,320.54999999999995,679.3000000000001,240.54999999999993,792.3000000000001,240.54999999999993,791.594375,319.9699999999999,680.005625,319.96999999999997,680.005625,241.12999999999994,791.594375,241.12999999999994
Y,QL-L2,L10-14-5,LEF-4-7,792.3000000000001,400.69999999999993,679.3000000000001,400.7,679.3000000000001,320.7,792.3000000000001,320.69999999999993,791.594375,400.11999999999995,680.005625,400.12,680.005625,321.28000000000003,791.594375,321.28
Y,QL-L2,L10-14-4,LEF-4-7,792.3000000000002,480.8499999999999,679.3000000000002,480.84999999999997,679.3000000000001,400.84999999999997,792.3000000000001,400.8499999999999,791.5943750000001,480.2699999999999,680.0056250000001,480.27,680.005625,401.43,791.594375,401.42999999999995
Y,QL-L2,L10-14-3,LEF-4-7,792.3000000000002,560.9999999999999,679.3000000000002,560.9999999999999,679.3000000000002,480.99999999999994,792.3000000000002,480.9999999999999,791.5943750000001,560.4199999999998,680.0056250000001,560.4199999999998,680.0056250000001,481.57999999999987,791.5943750000001,481.5799999999998
Y,QL-L2,L10-14-2,LEF-4-7,792.3000000000002,641.15,679.3000000000002,641.15,679.3000000000002,561.15,792.3000000000002,561.15,791.5943750000001,640.5699999999999,680.0056250000001,640.5699999999999,680.0056250000001,561.7299999999999,791.5943750000001,561.7299999999999
Y,QL-L2,L10-14-1,LEF-4-7,792.3000000000002,721.3,679.3000000000002,721.3,679.3000000000002,641.3,792.3000000000002,641.3,791.5943750000001,720.7199999999999,680.0056250000001,720.7199999999999,680.0056250000001,641.8799999999999,791.5943750000001,641.8799999999999
Y,QL-L2,L10-14-0,LEF-4-7,792.3000000000002,801.4499999999999,679.3000000000002,801.4499999999999,679.3000000000002,721.4499999999999,792.3000000000002,721.4499999999999,791.5943750000001,800.8699999999999,680.0056250000001,800.8699999999999,680.0056250000001,722.0299999999999,791.5943750000001,722.0299999999999
Y,QL-L2,L08-10-7,LEF-4-8,905.5,80.09999999999988,792.5,80.0999999999999,792.5,0.09999999999989727,905.5,0.09999999999988342,904.794375,79.51999999999988,793.2056249999999,79.5199999999999,793.2056249999999,0.6799999999998955,904.794375,0.6799999999998818
Y,QL-L2,L08-10-6,LEF-4-8,905.5,160.2499999999999,792.5,160.24999999999991,792.5,80.2499999999999,905.5,80.24999999999989,904.794375,159.66999999999987,793.2056249999999,159.6699999999999,793.2056249999999,80.82999999999988,904.794375,80.82999999999987
Y,QL-L2,L08-10-5,LEF-4-8,905.5,240.3999999999999,792.5,240.39999999999992,792.5,160.39999999999992,905.5,160.3999999999999,904.794375,239.81999999999988,793.2056249999999,239.8199999999999,793.2056249999999,160.9799999999999,904.794375,160.97999999999988
Y,QL-L2,L08-10-4,LEF-4-8,905.5,320.5499999999999,792.5,320.5499999999999,792.5,240.54999999999993,905.5,240.5499999999999,904.794375,319.9699999999999,793.2056249999999,319.9699999999999,793.2056249999999,241.12999999999994,904.794375,241.1299999999999
Y,QL-L2,L08-10-3,LEF-4-8,905.5,400.69999999999993,792.5,400.69999999999993,792.5,320.69999999999993,905.5,320.69999999999993,904.794375,400.11999999999995,793.2056249999999,400.11999999999995,793.2056249999999,321.28,904.794375,321.28
Y,QL-L2,L08-10-2,LEF-4-8,905.5000000000001,480.8499999999999,792.5000000000001,480.8499999999999,792.5,400.8499999999999,905.5,400.8499999999999,904.7943750000001,480.2699999999999,793.205625,480.2699999999999,793.2056249999999,401.42999999999995,904.794375,401.42999999999995
Y,QL-L2,L08-10-1,LEF-4-8,905.5000000000001,560.9999999999999,792.5000000000001,560.9999999999999,792.5000000000001,480.9999999999999,905.5000000000001,480.9999999999999,904.7943750000001,560.4199999999998,793.205625,560.4199999999998,793.205625,481.5799999999998,904.7943750000001,481.5799999999998
Y,QL-L2,L08-10-0,LEF-4-8,905.5000000000001,641.15,792.5000000000001,641.15,792.5000000000001,561.15,905.5000000000001,561.15,904.7943750000001,640.5699999999999,793.205625,640.5699999999999,793.205625,561.7299999999999,904.7943750000001,561.7299999999999
Y,QL-L2,L08-13-7,LEF-4-9,1018.7,80.09999999999987,905.7,80.09999999999988,905.7,0.0999999999998834,1018.7,0.09999999999986955,1017.994375,79.51999999999987,906.405625,79.51999999999988,906.405625,0.6799999999998816,1017.994375,0.6799999999998679
Y,QL-L2,L08-13-6,LEF-4-9,1018.7,160.2499999999999,905.7,160.2499999999999,905.7,80.24999999999989,1018.7,80.24999999999987,1017.994375,159.66999999999987,906.405625,159.66999999999987,906.405625,80.82999999999987,1017.994375,80.82999999999986
Y,QL-L2,L08-13-5,LEF-4-9,1018.7,240.3999999999999,905.7,240.3999999999999,905.7,160.3999999999999,1018.7,160.3999999999999,1017.994375,239.81999999999988,906.405625,239.81999999999988,906.405625,160.97999999999988,1017.994375,160.97999999999988
Y,QL-L2,L08-13-4,LEF-4-9,1018.7,320.5499999999999,905.7,320.5499999999999,905.7,240.5499999999999,1018.7,240.5499999999999,1017.994375,319.9699999999999,906.405625,319.9699999999999,906.405625,241.1299999999999,1017.994375,241.1299999999999
Y,QL-L2,L08-13-3,LEF-4-9,1018.7,400.69999999999993,905.7,400.69999999999993,905.7,320.69999999999993,1018.7,320.69999999999993,1017.994375,400.11999999999995,906.405625,400.11999999999995,906.405625,321.28,1017.994375,321.28
Y,QL-L2,L08-13-2,LEF-4-9,1018.7000000000002,480.8499999999999,905.7000000000002,480.8499999999999,905.7,400.8499999999999,1018.7,400.8499999999999,1017.9943750000001,480.2699999999999,906.4056250000001,480.2699999999999,906.405625,401.42999999999995,1017.994375,401.42999999999995
Y,QL-L2,L08-13-1,LEF-4-9,1018.7000000000002,560.9999999999999,905.7000000000002,560.9999999999999,905.7000000000002,480.9999999999999,1018.7000000000002,480.9999999999999,1017.9943750000001,560.4199999999998,906.4056250000001,560.4199999999998,906.4056250000001,481.5799999999998,1017.9943750000001,481.5799999999998
Y,QL-L2,L08-13-0,LEF-4-9,1018.7000000000002,641.15,905.7000000000002,641.15,905.7000000000002,561.15,1018.7000000000002,561.15,1017.9943750000001,640.5699999999999,906.4056250000001,640.5699999999999,906.4056250000001,561.7299999999999,1017.9943750000001,561.7299999999999
Y,QL-R4,L12-01-11,LEF-6-1,113.1,-5.100000000000014,0.09999999999999369,-5.1,0.0999999999999839,-85.1,113.09999999999998,-85.10000000000001,112.394375,-5.680000000000013,0.8056249999999914,-5.68,0.8056249999999817,-84.52000000000001,112.39437499999998,-84.52000000000002
Y,QL-R4,L12-01-10,LEF-6-1,113.09999999999998,-85.25000000000001,0.09999999999998388,-85.25,0.09999999999997408,-165.25,113.09999999999998,-165.25,112.39437499999998,-85.83000000000001,0.8056249999999815,-85.83,0.8056249999999718,-164.67000000000002,112.39437499999998,-164.67000000000002
Y,QL-R4,L12-01-9,LEF-6-1,113.09999999999998,-165.4,0.09999999999997405,-165.4,0.09999999999996426,-245.4,113.09999999999997,-245.4,112.39437499999998,-165.98000000000002,0.8056249999999717,-165.98000000000002,0.8056249999999621,-244.82000000000002,112.39437499999997,-244.82000000000002
Y,QL-R4,L12-01-8,LEF-6-1,113.09999999999997,-245.55,0.09999999999996424,-245.55,0.09999999999995444,-325.55,113.09999999999995,-325.55,112.39437499999997,-246.13000000000002,0.805624999999962,-246.13000000000002,0.8056249999999523,-324.97,112.39437499999995,-324.97
Y,QL-R4,L12-01-7,LEF-6-1,113.09999999999995,-325.70000000000005,0.09999999999995443,-325.70000000000005,0.09999999999994463,-405.70000000000005,113.09999999999995,-405.70000000000005,112.39437499999995,-326.28000000000003,0.8056249999999521,-326.28000000000003,0.8056249999999424,-405.12,112.39437499999995,-405.12
Y,QL-R4,L12-01-6,LEF-6-1,113.09999999999995,-405.85,0.09999999999994462,-405.85,0.09999999999993482,-485.85,113.09999999999994,-485.85,112.39437499999994,-406.43,0.8056249999999423,-406.43,0.8056249999999326,-485.27,112.39437499999994,-485.27
Y,QL-R4,L12-01-5,LEF-6-1,113.09999999999994,-486.00000000000006,0.0999999999999348,-486.00000000000006,0.099999999999925,-566.0,113.09999999999992,-566.0,112.39437499999994,-486.58000000000004,0.8056249999999324,-486.58000000000004,0.8056249999999228,-565.4200000000001,112.39437499999993,-565.4200000000001
Y,QL-R4,L12-01-4,LEF-6-1,113.09999999999992,-566.1500000000001,0.09999999999992498,-566.1500000000001,0.09999999999991518,-646.1500000000001,113.09999999999991,-646.1500000000001,112.39437499999993,-566.7300000000001,0.8056249999999227,-566.7300000000001,0.805624999999913,-645.5700000000002,112.39437499999991,-645.5700000000002
Y,QL-R4,L12-01-3,LEF-6-1,113.09999999999991,-646.3000000000001,0.09999999999991517,-646.3000000000001,0.09999999999990537,-726.3000000000001,113.09999999999991,-726.3000000000001,112.39437499999991,-646.8800000000001,0.8056249999999128,-646.8800000000001,0.8056249999999031,-725.7200000000001,112.39437499999991,-725.7200000000001
Y,QL-R4,L12-01-2,LEF-6-1,113.09999999999991,-726.45,0.09999999999990535,-726.45,0.09999999999989555,-806.45,113.0999999999999,-806.45,112.39437499999991,-727.0300000000001,0.805624999999903,-727.0300000000001,0.8056249999998933,-805.8700000000001,112.3943749999999,-805.8700000000001
Y,QL-R4,L12-01-1,LEF-6-1,113.0999999999999,-806.6,0.09999999999989553,-806.6,0.09999999999988574,-886.6,113.09999999999988,-886.6,112.3943749999999,-807.1800000000001,0.8056249999998932,-807.1800000000001,0.8056249999998836,-886.0200000000001,112.39437499999988,-886.0200000000001
Y,QL-R4,L12-01-0,LEF-6-1,113.09999999999988,-886.7500000000001,0.09999999999988572,-886.7500000000001,0.09999999999987592,-966.7500000000001,113.09999999999988,-966.7500000000001,112.39437499999988,-887.3300000000002,0.8056249999998834,-887.3300000000002,0.8056249999998737,-966.1700000000002,112.39437499999988,-966.1700000000002
Y,QL-R4,L12-28-11,LEF-6-2,226.3,-0.10000000000002772,113.30000000000001,-0.10000000000001388,113.3,-80.10000000000001,226.3,-80.10000000000002,225.594375,-0.6800000000000276,114.00562500000001,-0.6800000000000139,114.005625,-79.52000000000002,225.594375,-79.52000000000004
Y,QL-R4,L12-28-10,LEF-6-2,226.3,-80.25000000000003,113.3,-80.25000000000001,113.3,-160.25,226.29999999999998,-160.25000000000003,225.594375,-80.83000000000003,114.005625,-80.83000000000001,114.005625,-159.67000000000002,225.59437499999999,-159.67000000000004
Y,QL-R4,L12-28-9,LEF-6-2,226.29999999999998,-160.40000000000003,113.3,-160.4,113.29999999999998,-240.4,226.29999999999998,-240.40000000000003,225.59437499999999,-160.98000000000005,114.005625,-160.98000000000002,114.00562499999998,-239.82000000000002,225.59437499999999,-239.82000000000005
Y,QL-R4,L12-28-8,LEF-6-2,226.29999999999998,-240.55000000000004,113.29999999999998,-240.55,113.29999999999997,-320.55,226.29999999999998,-320.55,225.59437499999999,-241.13000000000005,114.00562499999998,-241.13000000000002,114.00562499999997,-319.97,225.59437499999999,-319.97
Y,QL-R4,L12-28-7,LEF-6-2,226.29999999999998,-320.70000000000005,113.29999999999997,-320.70000000000005,113.29999999999997,-400.70000000000005,226.29999999999995,-400.70000000000005,225.59437499999999,-321.28000000000003,114.00562499999997,-321.28000000000003,114.00562499999997,-400.12,225.59437499999996,-400.12
Y,QL-R4,L12-28-6,LEF-6-2,226.29999999999995,-400.85,113.29999999999997,-400.85,113.29999999999995,-480.85,226.29999999999995,-480.85,225.59437499999996,-401.43,114.00562499999997,-401.43,114.00562499999995,-480.27,225.59437499999996,-480.27
Y,QL-R4,L12-28-5,LEF-6-2,226.29999999999995,-481.00000000000006,113.29999999999995,-481.00000000000006,113.29999999999994,-561.0,226.29999999999995,-561.0,225.59437499999996,-481.58000000000004,114.00562499999995,-481.58000000000004,114.00562499999994,-560.4200000000001,225.59437499999996,-560.4200000000001
Y,QL-R4,L12-28-4,LEF-6-2,226.29999999999995,-561.1500000000001,113.29999999999994,-561.1500000000001,113.29999999999993,-641.1500000000001,226.29999999999993,-641.1500000000001,225.59437499999996,-561.7300000000001,114.00562499999994,-561.7300000000001,114.00562499999992,-640.5700000000002,225.59437499999993,-640.5700000000002
Y,QL-R4,L12-28-3,LEF-6-2,226.29999999999993,-641.3000000000001,113.29999999999993,-641.3000000000001,113.29999999999993,-721.3000000000001,226.29999999999993,-721.3000000000001,225.59437499999993,-641.8800000000001,114.00562499999992,-641.8800000000001,114.00562499999992,-720.7200000000001,225.59437499999993,-720.7200000000001
Y,QL-R4,L12-28-2,LEF-6-2,226.29999999999993,-721.45,113.29999999999993,-721.45,113.29999999999991,-801.45,226.29999999999993,-801.45,225.59437499999993,-722.0300000000001,114.00562499999992,-722.0300000000001,114.00562499999991,-800.8700000000001,225.59437499999993,-800.8700000000001
Y,QL-R4,L12-28-1,LEF-6-2,226.29999999999993,-801.6,113.29999999999991,-801.6,113.2999999999999,-881.6,226.2999999999999,-881.6,225.59437499999993,-802.1800000000001,114.00562499999991,-802.1800000000001,114.0056249999999,-881.0200000000001,225.5943749999999,-881.0200000000001
Y,QL-R4,L12-28-0,LEF-6-2,226.2999999999999,-881.7500000000001,113.2999999999999,-881.7500000000001,113.2999999999999,-961.7500000000001,226.2999999999999,-961.7500000000001,225.5943749999999,-882.3300000000002,114.0056249999999,-882.3300000000002,114.0056249999999,-961.1700000000002,225.5943749999999,-961.1700000000002
Y,QL-R4,L12-08-11,LEF-6-3,339.5,-0.10000000000004158,226.5,-0.10000000000002775,226.5,-80.10000000000002,339.5,-80.10000000000004,338.794375,-0.6800000000000415,227.205625,-0.6800000000000278,227.205625,-79.52000000000004,338.794375,-79.52000000000005
Y,QL-R4,L12-08-10,LEF-6-3,339.5,-80.25000000000004,226.5,-80.25000000000003,226.49999999999997,-160.25000000000003,339.5,-160.25000000000003,338.794375,-80.83000000000004,227.205625,-80.83000000000003,227.20562499999997,-159.67000000000004,338.794375,-159.67000000000004
Y,QL-R4,L12-08-9,LEF-6-3,339.5,-160.40000000000003,226.49999999999997,-160.40000000000003,226.49999999999997,-240.40000000000003,339.49999999999994,-240.40000000000003,338.794375,-160.98000000000005,227.20562499999997,-160.98000000000005,227.20562499999997,-239.82000000000005,338.79437499999995,-239.82000000000005
Y,QL-R4,L12-08-8,LEF-6-3,339.49999999999994,-240.55000000000004,226.49999999999997,-240.55000000000004,226.49999999999997,-320.55,339.49999999999994,-320.55000000000007,338.79437499999995,-241.13000000000005,227.20562499999997,-241.13000000000005,227.20562499999997,-319.97,338.79437499999995,-319.9700000000001
Y,QL-R4,L12-08-7,LEF-6-3,339.49999999999994,-320.7000000000001,226.49999999999997,-320.70000000000005,226.49999999999994,-400.70000000000005,339.49999999999994,-400.7000000000001,338.79437499999995,-321.2800000000001,227.20562499999997,-321.28000000000003,227.20562499999994,-400.12,338.79437499999995,-400.12000000000006
Y,QL-R4,L12-08-6,LEF-6-3,339.49999999999994,-400.8500000000001,226.49999999999994,-400.85,226.49999999999994,-480.85,339.49999999999994,-480.8500000000001,338.79437499999995,-401.43000000000006,227.20562499999994,-401.43,227.20562499999994,-480.27,338.79437499999995,-480.27000000000004
Y,QL-R4,L12-08-5,LEF-6-3,339.49999999999994,-481.0000000000001,226.49999999999994,-481.00000000000006,226.49999999999994,-561.0,339.49999999999994,-561.0,338.79437499999995,-481.5800000000001,227.20562499999994,-481.58000000000004,227.20562499999994,-560.4200000000001,338.79437499999995,-560.4200000000001
Y,QL-R4,L12-08-4,LEF-6-3,339.49999999999994,-561.1500000000001,226.49999999999994,-561.1500000000001,226.49999999999991,-641.1500000000001,339.49999999999994,-641.1500000000001,338.79437499999995,-561.7300000000001,227.20562499999994,-561.7300000000001,227.2056249999999,-640.5700000000002,338.79437499999995,-640.5700000000002
Y,QL-R4,L12-08-3,LEF-6-3,339.49999999999994,-641.3000000000001,226.49999999999991,-641.3000000000001,226.49999999999991,-721.3000000000001,339.4999999999999,-721.3000000000001,338.79437499999995,-641.8800000000001,227.2056249999999,-641.8800000000001,227.2056249999999,-720.7200000000001,338.7943749999999,-720.7200000000001
Y,QL-R4,L12-08-2,LEF-6-3,339.4999999999999,-721.45,226.49999999999991,-721.45,226.49999999999991,-801.45,339.4999999999999,-801.45,338.7943749999999,-722.0300000000001,227.2056249999999,-722.0300000000001,227.2056249999999,-800.8700000000001,338.7943749999999,-800.8700000000001
Y,QL-R4,L12-08-1,LEF-6-3,339.4999999999999,-801.6,226.49999999999991,-801.6,226.4999999999999,-881.6,339.4999999999999,-881.6,338.7943749999999,-802.1800000000001,227.2056249999999,-802.1800000000001,227.20562499999988,-881.0200000000001,338.7943749999999,-881.0200000000001
Y,QL-R4,L12-08-0,LEF-6-3,339.4999999999999,-881.7500000000001,226.4999999999999,-881.7500000000001,226.4999999999999,-961.7500000000001,339.4999999999999,-961.7500000000001,338.7943749999999,-882.3300000000002,227.20562499999988,-882.3300000000002,227.20562499999988,-961.1700000000002,338.7943749999999,-961.1700000000002
Y,QL-R4,L12-11-11,LEF-6-4,452.70000000000005,-0.10000000000005545,339.70000000000005,-0.10000000000004161,339.70000000000005,-80.10000000000004,452.70000000000005,-80.10000000000005,451.99437500000005,-0.6800000000000553,340.40562500000004,-0.6800000000000416,340.40562500000004,-79.52000000000005,451.99437500000005,-79.52000000000007
Y,QL-R4,L12-11-10,LEF-6-4,452.70000000000005,-80.25000000000006,339.70000000000005,-80.25000000000004,339.70000000000005,-160.25000000000003,452.70000000000005,-160.25000000000006,451.99437500000005,-80.83000000000006,340.40562500000004,-80.83000000000004,340.40562500000004,-159.67000000000004,451.99437500000005,-159.67000000000007
Y,QL-R4,L12-11-9,LEF-6-4,452.70000000000005,-160.40000000000006,339.70000000000005,-160.40000000000003,339.7,-240.40000000000003,452.7,-240.40000000000006,451.99437500000005,-160.98000000000008,340.40562500000004,-160.98000000000005,340.405625,-239.82000000000005,451.994375,-239.82000000000008
Y,QL-R4,L12-11-8,LEF-6-4,452.7,-240.55000000000007,339.7,-240.55000000000004,339.7,-320.55000000000007,452.7,-320.55000000000007,451.994375,-241.13000000000008,340.405625,-241.13000000000005,340.405625,-319.9700000000001,451.994375,-319.9700000000001
Y,QL-R4,L12-11-7,LEF-6-4,452.7,-320.7000000000001,339.7,-320.7000000000001,339.7,-400.7000000000001,452.7,-400.7000000000001,451.994375,-321.2800000000001,340.405625,-321.2800000000001,340.405625,-400.12000000000006,451.994375,-400.12000000000006
Y,QL-R4,L12-11-6,LEF-6-4,452.7,-400.8500000000001,339.7,-400.8500000000001,339.7,-480.8500000000001,452.7,-480.8500000000001,451.994375,-401.43000000000006,340.405625,-401.43000000000006,340.405625,-480.27000000000004,451.994375,-480.27000000000004
Y,QL-R4,L12-11-5,LEF-6-4,452.7,-481.0000000000001,339.7,-481.0000000000001,339.7,-561.0,452.7,-561.0,451.994375,-481.5800000000001,340.405625,-481.5800000000001,340.405625,-560.4200000000001,451.994375,-560.4200000000001
Y,QL-R4,L12-11-4,LEF-6-4,452.7,-561.1500000000001,339.7,-561.1500000000001,339.7,-641.1500000000001,452.7,-641.1500000000001,451.994375,-561.7300000000001,340.405625,-561.7300000000001,340.405625,-640.5700000000002,451.994375,-640.5700000000002
Y,QL-R4,L12-11-3,LEF-6-4,452.7,-641.3000000000001,339.7,-641.3000000000001,339.69999999999993,-721.3000000000001,452.69999999999993,-721.3000000000001,451.994375,-641.8800000000001,340.405625,-641.8800000000001,340.40562499999993,-720.7200000000001,451.99437499999993,-720.7200000000001
Y,QL-R4,L12-11-2,LEF-6-4,452.69999999999993,-721.45,339.69999999999993,-721.45,339.69999999999993,-801.45,452.69999999999993,-801.45,451.99437499999993,-722.0300000000001,340.40562499999993,-722.0300000000001,340.40562499999993,-800.8700000000001,451.99437499999993,-800.8700000000001
Y,QL-R4,L12-11-1,LEF-6-4,452.69999999999993,-801.6,339.69999999999993,-801.6,339.69999999999993,-881.6,452.69999999999993,-881.6,451.99437499999993,-802.1800000000001,340.40562499999993,-802.1800000000001,340.40562499999993,-881.0200000000001,451.99437499999993,-881.0200000000001
Y,QL-R4,L12-11-0,LEF-6-4,452.69999999999993,-881.7500000000001,339.69999999999993,-881.7500000000001,339.69999999999993,-961.7500000000001,452.69999999999993,-961.7500000000001,451.99437499999993,-882.3300000000002,340.40562499999993,-882.3300000000002,340.40562499999993,-961.1700000000002,451.99437499999993,-961.1700000000002
Y,QL-R4,L12-25-11,LEF-6-5,565.9000000000001,-0.10000000000006931,452.9000000000001,-0.10000000000005548,452.9000000000001,-80.10000000000005,565.9000000000001,-80.10000000000007,565.194375,-0.6800000000000691,453.60562500000003,-0.6800000000000554,453.60562500000003,-79.52000000000007,565.194375,-79.52000000000008
Y,QL-R4,L12-25-10,LEF-6-5,565.9000000000001,-80.25000000000007,452.9000000000001,-80.25000000000006,452.9000000000001,-160.25000000000006,565.9000000000001,-160.25000000000006,565.194375,-80.83000000000007,453.60562500000003,-80.83000000000006,453.60562500000003,-159.67000000000007,565.194375,-159.67000000000007
Y,QL-R4,L12-25-9,LEF-6-5,565.9000000000001,-160.40000000000006,452.9000000000001,-160.40000000000006,452.90000000000003,-240.40000000000006,565.9000000000001,-240.40000000000006,565.194375,-160.98000000000008,453.60562500000003,-160.98000000000008,453.605625,-239.82000000000008,565.194375,-239.82000000000008
Y,QL-R4,L12-25-8,LEF-6-5,565.9000000000001,-240.55000000000007,452.90000000000003,-240.55000000000007,452.90000000000003,-320.55000000000007,565.9000000000001,-320.55000000000007,565.194375,-241.13000000000008,453.605625,-241.13000000000008,453.605625,-319.9700000000001,565.194375,-319.9700000000001
Y,QL-R4,L12-25-7,LEF-6-5,565.9000000000001,-320.7000000000001,452.90000000000003,-320.7000000000001,452.90000000000003,-400.7000000000001,565.9000000000001,-400.7000000000001,565.194375,-321.2800000000001,453.605625,-321.2800000000001,453.605625,-400.12000000000006,565.194375,-400.12000000000006
Y,QL-R4,L12-25-6,LEF-6-5,565.9000000000001,-400.8500000000001,452.90000000000003,-400.8500000000001,452.90000000000003,-480.8500000000001,565.9,-480.8500000000001,565.194375,-401.43000000000006,453.605625,-401.43000000000006,453.605625,-480.27000000000004,565.1943749999999,-480.27000000000004
Y,QL-R4,L12-25-5,LEF-6-5,565.9,-481.0000000000001,452.90000000000003,-481.0000000000001,452.90000000000003,-561.0,565.9,-561.0000000000001,565.1943749999999,-481.5800000000001,453.605625,-481.5800000000001,453.605625,-560.4200000000001,565.1943749999999,-560.4200000000002
Y,QL-R4,L12-25-4,LEF-6-5,565.9,-561.1500000000002,452.90000000000003,-561.1500000000001,452.90000000000003,-641.1500000000001,565.9,-641.1500000000002,565.1943749999999,-561.7300000000002,453.605625,-561.7300000000001,453.605625,-640.5700000000002,565.1943749999999,-640.5700000000003
Y,QL-R4,L12-25-3,LEF-6-5,565.9,-641.3000000000002,452.90000000000003,-641.3000000000001,452.9,-721.3000000000001,565.9,-721.3000000000002,565.1943749999999,-641.8800000000002,453.605625,-641.8800000000001,453.6056249999999,-720.7200000000001,565.1943749999999,-720.7200000000003
Y,QL-R4,L12-25-2,LEF-6-5,565.9,-721.4500000000002,452.9,-721.45,452.9,-801.45,565.9,-801.4500000000002,565.1943749999999,-722.0300000000002,453.6056249999999,-722.0300000000001,453.6056249999999,-800.8700000000001,565.1943749999999,-800.8700000000002
Y,QL-R4,L12-25-1,LEF-6-5,565.9,-801.6000000000001,452.9,-801.6,452.9,-881.6,565.9,-881.6000000000001,565.1943749999999,-802.1800000000002,453.6056249999999,-802.1800000000001,453.6056249999999,-881.0200000000001,565.1943749999999,-881.0200000000002
Y,QL-R4,L12-25-0,LEF-6-5,565.9,-881.7500000000002,452.9,-881.7500000000001,452.9,-961.7500000000001,565.9,-961.7500000000002,565.1943749999999,-882.3300000000003,453.6056249999999,-882.3300000000002,453.6056249999999,-961.1700000000002,565.1943749999999,-961.1700000000003
Y,QL-R4,L10-15-9,LEF-6-6,679.1,-0.10000000000008318,566.1,-0.10000000000006934,566.1,-80.10000000000007,679.1,-80.10000000000008,678.394375,-0.680000000000083,566.805625,-0.6800000000000693,566.805625,-79.52000000000008,678.394375,-79.5200000000001
Y,QL-R4,L10-15-8,LEF-6-6,679.1,-80.25000000000009,566.1,-80.25000000000007,566.1,-160.25000000000006,679.1,-160.25000000000009,678.394375,-80.83000000000008,566.805625,-80.83000000000007,566.805625,-159.67000000000007,678.394375,-159.6700000000001
Y,QL-R4,L10-15-7,LEF-6-6,679.1,-160.4000000000001,566.1,-160.40000000000006,566.1,-240.40000000000006,679.1,-240.4000000000001,678.394375,-160.9800000000001,566.805625,-160.98000000000008,566.805625,-239.82000000000008,678.394375,-239.8200000000001
Y,QL-R4,L10-15-6,LEF-6-6,679.1,-240.5500000000001,566.1,-240.55000000000007,566.1,-320.55000000000007,679.1,-320.55000000000007,678.394375,-241.1300000000001,566.805625,-241.13000000000008,566.805625,-319.9700000000001,678.394375,-319.9700000000001
Y,QL-R4,L10-15-5,LEF-6-6,679.1,-320.7000000000001,566.1,-320.7000000000001,566.1,-400.7000000000001,679.1,-400.7000000000001,678.394375,-321.2800000000001,566.805625,-321.2800000000001,566.805625,-400.12000000000006,678.394375,-400.12000000000006
Y,QL-R4,L10-15-4,LEF-6-6,679.1,-400.8500000000001,566.1,-400.8500000000001,566.0999999999999,-480.8500000000001,679.0999999999999,-480.8500000000001,678.394375,-401.43000000000006,566.805625,-401.43000000000006,566.8056249999998,-480.27000000000004,678.3943749999999,-480.27000000000004
Y,QL-R4,L10-15-3,LEF-6-6,679.0999999999999,-481.0000000000001,566.0999999999999,-481.0000000000001,566.0999999999999,-561.0000000000001,679.0999999999999,-561.0000000000001,678.3943749999999,-481.5800000000001,566.8056249999998,-481.5800000000001,566.8056249999998,-560.4200000000002,678.3943749999999,-560.4200000000002
Y,QL-R4,L10-15-2,LEF-6-6,679.0999999999999,-561.1500000000002,566.0999999999999,-561.1500000000002,566.0999999999999,-641.1500000000002,679.0999999999999,-641.1500000000002,678.3943749999999,-561.7300000000002,566.8056249999998,-561.7300000000002,566.8056249999998,-640.5700000000003,678.3943749999999,-640.5700000000003
Y,QL-R4,L10-15-1,LEF-6-6,679.0999999999999,-641.3000000000002,566.0999999999999,-641.3000000000002,566.0999999999999,-721.3000000000002,679.0999999999999,-721.3000000000002,678.3943749999999,-641.8800000000002,566.8056249999998,-641.8800000000002,566.8056249999998,-720.7200000000003,678.3943749999999,-720.7200000000003
Y,QL-R4,L10-15-0,LEF-6-6,679.0999999999999,-721.4500000000002,566.0999999999999,-721.4500000000002,566.0999999999999,-801.4500000000002,679.0999999999999,-801.4500000000002,678.3943749999999,-722.0300000000002,566.8056249999998,-722.0300000000002,566.8056249999998,-800.8700000000002,678.3943749999999,-800.8700000000002
Y,QL-R4,L10-02-9,LEF-6-7,792.3000000000001,-0.10000000000009704,679.3000000000001,-0.10000000000008319,679.3000000000001,-80.10000000000008,792.3000000000001,-80.1000000000001,791.594375,-0.6800000000000969,680.005625,-0.6800000000000832,680.005625,-79.5200000000001,791.594375,-79.52000000000011
Y,QL-R4,L10-02-8,LEF-6-7,792.3000000000001,-80.2500000000001,679.3000000000001,-80.25000000000009,679.3000000000001,-160.25000000000009,792.3000000000001,-160.25000000000009,791.594375,-80.8300000000001,680.005625,-80.83000000000008,680.005625,-159.6700000000001,791.594375,-159.6700000000001
Y,QL-R4,L10-02-7,LEF-6-7,792.3000000000001,-160.4000000000001,679.3000000000001,-160.4000000000001,679.3000000000001,-240.4000000000001,792.3000000000001,-240.4000000000001,791.594375,-160.9800000000001,680.005625,-160.9800000000001,680.005625,-239.8200000000001,791.594375,-239.8200000000001
Y,QL-R4,L10-02-6,LEF-6-7,792.3000000000001,-240.5500000000001,679.3000000000001,-240.5500000000001,679.3000000000001,-320.55000000000007,792.3000000000001,-320.5500000000001,791.594375,-241.1300000000001,680.005625,-241.1300000000001,680.005625,-319.9700000000001,791.594375,-319.97000000000014
Y,QL-R4,L10-02-5,LEF-6-7,792.3000000000001,-320.70000000000016,679.3000000000001,-320.7000000000001,679.3000000000001,-400.7000000000001,792.3000000000001,-400.70000000000016,791.594375,-321.28000000000014,680.005625,-321.2800000000001,680.005625,-400.12000000000006,791.594375,-400.1200000000001
Y,QL-R4,L10-02-4,LEF-6-7,792.3000000000001,-400.85000000000014,679.3000000000001,-400.8500000000001,679.3,-480.8500000000001,792.3,-480.85000000000014,791.594375,-401.4300000000001,680.005625,-401.43000000000006,680.0056249999999,-480.27000000000004,791.5943749999999,-480.2700000000001
Y,QL-R4,L10-02-3,LEF-6-7,792.3,-481.00000000000017,679.3,-481.0000000000001,679.3,-561.0000000000001,792.3,-561.0000000000001,791.5943749999999,-481.58000000000015,680.0056249999999,-481.5800000000001,680.0056249999999,-560.4200000000002,791.5943749999999,-560.4200000000002
Y,QL-R4,L10-02-2,LEF-6-7,792.3,-561.1500000000002,679.3,-561.1500000000002,679.3,-641.1500000000002,792.3,-641.1500000000002,791.5943749999999,-561.7300000000002,680.0056249999999,-561.7300000000002,680.0056249999999,-640.5700000000003,791.5943749999999,-640.5700000000003
Y,QL-R4,L10-02-1,LEF-6-7,792.3,-641.3000000000002,679.3,-641.3000000000002,679.3,-721.3000000000002,792.3,-721.3000000000002,791.5943749999999,-641.8800000000002,680.0056249999999,-641.8800000000002,680.0056249999999,-720.7200000000003,791.5943749999999,-720.7200000000003
Y,QL-R4,L10-02-0,LEF-6-7,792.3,-721.4500000000002,679.3,-721.4500000000002,679.3,-801.4500000000002,792.3,-801.4500000000002,791.5943749999999,-722.0300000000002,680.0056249999999,-722.0300000000002,680.0056249999999,-800.8700000000002,791.5943749999999,-800.8700000000002
Y,QL-R4,L08-17-7,LEF-6-8,905.5,-0.1000000000001109,792.5,-0.10000000000009705,792.5,-80.1000000000001,905.5,-80.10000000000011,904.794375,-0.6800000000001107,793.2056249999999,-0.6800000000000971,793.2056249999999,-79.52000000000011,904.794375,-79.52000000000012
Y,QL-R4,L08-17-6,LEF-6-8,905.5,-80.25000000000011,792.5,-80.2500000000001,792.5,-160.25000000000009,905.5,-160.2500000000001,904.794375,-80.83000000000011,793.2056249999999,-80.8300000000001,793.2056249999999,-159.6700000000001,904.794375,-159.67000000000013
Y,QL-R4,L08-17-5,LEF-6-8,905.5,-160.40000000000012,792.5,-160.4000000000001,792.5,-240.4000000000001,905.5,-240.40000000000012,904.794375,-160.98000000000013,793.2056249999999,-160.9800000000001,793.2056249999999,-239.8200000000001,904.794375,-239.82000000000014
Y,QL-R4,L08-17-4,LEF-6-8,905.5,-240.55000000000013,792.5,-240.5500000000001,792.5,-320.5500000000001,905.5,-320.5500000000001,904.794375,-241.13000000000014,793.2056249999999,-241.1300000000001,793.2056249999999,-319.97000000000014,904.794375,-319.97000000000014
Y,QL-R4,L08-17-3,LEF-6-8,905.5,-320.70000000000016,792.5,-320.70000000000016,792.5,-400.70000000000016,905.5,-400.70000000000016,904.794375,-321.28000000000014,793.2056249999999,-321.28000000000014,793.2056249999999,-400.1200000000001,904.794375,-400.1200000000001
Y,QL-R4,L08-17-2,LEF-6-8,905.5,-400.85000000000014,792.5,-400.85000000000014,792.4999999999999,-480.85000000000014,905.4999999999999,-480.85000000000014,904.794375,-401.4300000000001,793.2056249999999,-401.4300000000001,793.2056249999998,-480.2700000000001,904.7943749999998,-480.2700000000001
Y,QL-R4,L08-17-1,LEF-6-8,905.4999999999999,-481.00000000000017,792.4999999999999,-481.00000000000017,792.4999999999999,-561.0000000000001,905.4999999999999,-561.0000000000001,904.7943749999998,-481.58000000000015,793.2056249999998,-481.58000000000015,793.2056249999998,-560.4200000000002,904.7943749999998,-560.4200000000002
Y,QL-R4,L08-17-0,LEF-6-8,905.4999999999999,-561.1500000000002,792.4999999999999,-561.1500000000002,792.4999999999999,-641.1500000000002,905.4999999999999,-641.1500000000002,904.7943749999998,-561.7300000000002,793.2056249999998,-561.7300000000002,793.2056249999998,-640.5700000000003,904.7943749999998,-640.5700000000003
Y,QL-R4,L08-14-7,LEF-6-9,1018.7,-0.10000000000012477,905.7,-0.10000000000011092,905.7,-80.10000000000011,1018.7,-80.10000000000012,1017.994375,-0.6800000000001246,906.405625,-0.680000000000111,906.405625,-79.52000000000012,1017.994375,-79.52000000000014
Y,QL-R4,L08-14-6,LEF-6-9,1018.7,-80.25000000000013,905.7,-80.25000000000011,905.7,-160.2500000000001,1018.7,-160.2500000000001,1017.994375,-80.83000000000013,906.405625,-80.83000000000011,906.405625,-159.67000000000013,1017.994375,-159.67000000000013
Y,QL-R4,L08-14-5,LEF-6-9,1018.7,-160.40000000000012,905.7,-160.40000000000012,905.7,-240.40000000000012,1018.7,-240.40000000000012,1017.994375,-160.98000000000013,906.405625,-160.98000000000013,906.405625,-239.82000000000014,1017.994375,-239.82000000000014
Y,QL-R4,L08-14-4,LEF-6-9,1018.7,-240.55000000000013,905.7,-240.55000000000013,905.7,-320.5500000000001,1018.7,-320.5500000000001,1017.994375,-241.13000000000014,906.405625,-241.13000000000014,906.405625,-319.97000000000014,1017.994375,-319.97000000000014
Y,QL-R4,L08-14-3,LEF-6-9,1018.7,-320.70000000000016,905.7,-320.70000000000016,905.7,-400.70000000000016,1018.7,-400.70000000000016,1017.994375,-321.28000000000014,906.405625,-321.28000000000014,906.405625,-400.1200000000001,1017.994375,-400.1200000000001
Y,QL-R4,L08-14-2,LEF-6-9,1018.7,-400.85000000000014,905.7,-400.85000000000014,905.6999999999999,-480.85000000000014,1018.6999999999999,-480.85000000000014,1017.994375,-401.4300000000001,906.405625,-401.4300000000001,906.4056249999999,-480.2700000000001,1017.9943749999999,-480.2700000000001
Y,QL-R4,L08-14-1,LEF-6-9,1018.6999999999999,-481.00000000000017,905.6999999999999,-481.00000000000017,905.6999999999999,-561.0000000000001,1018.6999999999999,-561.0000000000001,1017.9943749999999,-481.58000000000015,906.4056249999999,-481.58000000000015,906.4056249999999,-560.4200000000002,1017.9943749999999,-560.4200000000002
Y,QL-R4,L08-14-0,LEF-6-9,1018.6999999999999,-561.1500000000002,905.6999999999999,-561.1500000000002,905.6999999999999,-641.1500000000002,1018.6999999999999,-641.1500000000002,1017.9943749999999,-561.7300000000002,906.4056249999999,-561.7300000000002,906.4056249999999,-640.5700000000003,1017.9943749999999,-640.5700000000003
Y,QL-L4,L12-33-11,LEF-8-1,-0.10000000000000063,-5.1,-113.1,-5.099999999999985,-113.10000000000001,-85.09999999999998,-0.10000000000001043,-85.1,-0.8056250000000006,-5.68,-112.39437500000001,-5.679999999999986,-112.39437500000003,-84.52,-0.8056250000000102,-84.52000000000001
Y,QL-L4,L12-33-10,LEF-8-1,-0.10000000000001044,-85.25,-113.10000000000001,-85.24999999999999,-113.10000000000001,-165.25,-0.10000000000002024,-165.25,-0.8056250000000105,-85.83,-112.39437500000003,-85.82999999999998,-112.39437500000003,-164.67000000000002,-0.8056250000000201,-164.67000000000002
Y,QL-L4,L12-33-9,LEF-8-1,-0.10000000000002027,-165.4,-113.10000000000001,-165.4,-113.10000000000002,-245.4,-0.10000000000003006,-245.4,-0.8056250000000202,-165.98000000000002,-112.39437500000003,-165.98000000000002,-112.39437500000004,-244.82000000000002,-0.8056250000000299,-244.82000000000002
Y,QL-L4,L12-33-8,LEF-8-1,-0.10000000000003008,-245.55,-113.10000000000002,-245.55,-113.10000000000004,-325.55,-0.10000000000003988,-325.55,-0.80562500000003,-246.13000000000002,-112.39437500000004,-246.13000000000002,-112.39437500000005,-324.97,-0.8056250000000397,-324.97
Y,QL-L4,L12-33-7,LEF-8-1,-0.10000000000003989,-325.70000000000005,-113.10000000000004,-325.70000000000005,-113.10000000000004,-405.70000000000005,-0.10000000000004969,-405.70000000000005,-0.8056250000000399,-326.28000000000003,-112.39437500000005,-326.28000000000003,-112.39437500000005,-405.12,-0.8056250000000496,-405.12
Y,QL-L4,L12-33-6,LEF-8-1,-0.1000000000000497,-405.85,-113.10000000000004,-405.85,-113.10000000000005,-485.85,-0.1000000000000595,-485.85,-0.8056250000000497,-406.43,-112.39437500000007,-406.43,-112.39437500000007,-485.27,-0.8056250000000593,-485.27
Y,QL-L4,L12-33-5,LEF-8-1,-0.10000000000005953,-486.00000000000006,-113.10000000000005,-486.00000000000006,-113.10000000000007,-566.0,-0.10000000000006933,-566.0,-0.8056250000000595,-486.58000000000004,-112.39437500000007,-486.58000000000004,-112.39437500000008,-565.4200000000001,-0.8056250000000692,-565.4200000000001
Y,QL-L4,L12-33-4,LEF-8-1,-0.10000000000006934,-566.1500000000001,-113.10000000000007,-566.1500000000001,-113.10000000000008,-646.1500000000001,-0.10000000000007914,-646.1500000000001,-0.8056250000000693,-566.7300000000001,-112.39437500000008,-566.7300000000001,-112.3943750000001,-645.5700000000002,-0.805625000000079,-645.5700000000002
Y,QL-L4,L12-33-3,LEF-8-1,-0.10000000000007915,-646.3000000000001,-113.10000000000008,-646.3000000000001,-113.10000000000008,-726.3000000000001,-0.10000000000008895,-726.3000000000001,-0.8056250000000792,-646.8800000000001,-112.3943750000001,-646.8800000000001,-112.3943750000001,-725.7200000000001,-0.8056250000000889,-725.7200000000001
Y,QL-L4,L12-33-2,LEF-8-1,-0.10000000000008898,-726.45,-113.10000000000008,-726.45,-113.1000000000001,-806.45,-0.10000000000009877,-806.45,-0.805625000000089,-727.0300000000001,-112.3943750000001,-727.0300000000001,-112.39437500000011,-805.8700000000001,-0.8056250000000986,-805.8700000000001
Y,QL-L4,L12-33-1,LEF-8-1,-0.10000000000009879,-806.6,-113.1000000000001,-806.6,-113.10000000000011,-886.6,-0.10000000000010859,-886.6,-0.8056250000000987,-807.1800000000001,-112.39437500000011,-807.1800000000001,-112.39437500000012,-886.0200000000001,-0.8056250000001084,-886.0200000000001
Y,QL-L4,L12-33-0,LEF-8-1,-0.1000000000001086,-886.7500000000001,-113.10000000000011,-886.7500000000001,-113.10000000000011,-966.7500000000001,-0.1000000000001184,-966.7500000000001,-0.8056250000001086,-887.3300000000002,-112.39437500000012,-887.3300000000002,-112.39437500000012,-966.1700000000002,-0.8056250000001183,-966.1700000000002
Y,QL-L4,L12-12-11,LEF-8-2,-113.3,-0.09999999999998613,-226.3,-0.09999999999997229,-226.3,-80.09999999999997,-113.30000000000001,-80.09999999999998,-114.005625,-0.679999999999986,-225.594375,-0.6799999999999723,-225.594375,-79.51999999999998,-114.00562500000001,-79.52
Y,QL-L4,L12-12-10,LEF-8-2,-113.30000000000001,-80.24999999999999,-226.3,-80.24999999999997,-226.30000000000004,-160.24999999999997,-113.30000000000001,-160.25,-114.00562500000001,-80.82999999999998,-225.594375,-80.82999999999997,-225.59437500000004,-159.67,-114.00562500000001,-159.67000000000002
Y,QL-L4,L12-12-9,LEF-8-2,-113.30000000000001,-160.4,-226.30000000000004,-160.39999999999998,-226.30000000000004,-240.39999999999998,-113.30000000000003,-240.4,-114.00562500000001,-160.98000000000002,-225.59437500000004,-160.98,-225.59437500000004,-239.82,-114.00562500000002,-239.82000000000002
Y,QL-L4,L12-12-8,LEF-8-2,-113.30000000000003,-240.55,-226.30000000000004,-240.54999999999998,-226.30000000000004,-320.55,-113.30000000000004,-320.55,-114.00562500000002,-241.13000000000002,-225.59437500000004,-241.13,-225.59437500000004,-319.97,-114.00562500000004,-319.97
Y,QL-L4,L12-12-7,LEF-8-2,-113.30000000000004,-320.70000000000005,-226.30000000000004,-320.70000000000005,-226.30000000000007,-400.70000000000005,-113.30000000000004,-400.70000000000005,-114.00562500000004,-321.28000000000003,-225.59437500000004,-321.28000000000003,-225.59437500000007,-400.12,-114.00562500000004,-400.12
Y,QL-L4,L12-12-6,LEF-8-2,-113.30000000000004,-400.85,-226.30000000000007,-400.85,-226.30000000000007,-480.85,-113.30000000000005,-480.85,-114.00562500000004,-401.43,-225.59437500000007,-401.43,-225.59437500000007,-480.27,-114.00562500000005,-480.27
Y,QL-L4,L12-12-5,LEF-8-2,-113.30000000000005,-481.00000000000006,-226.30000000000007,-481.00000000000006,-226.30000000000007,-561.0,-113.30000000000007,-561.0,-114.00562500000005,-481.58000000000004,-225.59437500000007,-481.58000000000004,-225.59437500000007,-560.4200000000001,-114.00562500000007,-560.4200000000001
Y,QL-L4,L12-12-4,LEF-8-2,-113.30000000000007,-561.1500000000001,-226.30000000000007,-561.1500000000001,-226.3000000000001,-641.1500000000001,-113.30000000000008,-641.1500000000001,-114.00562500000007,-561.7300000000001,-225.59437500000007,-561.7300000000001,-225.5943750000001,-640.5700000000002,-114.00562500000008,-640.5700000000002
Y,QL-L4,L12-12-3,LEF-8-2,-113.30000000000008,-641.3000000000001,-226.3000000000001,-641.3000000000001,-226.3000000000001,-721.3000000000001,-113.30000000000008,-721.3000000000001,-114.00562500000008,-641.8800000000001,-225.5943750000001,-641.8800000000001,-225.5943750000001,-720.7200000000001,-114.00562500000008,-720.7200000000001
Y,QL-L4,L12-12-2,LEF-8-2,-113.30000000000008,-721.45,-226.3000000000001,-721.45,-226.3000000000001,-801.45,-113.3000000000001,-801.45,-114.00562500000008,-722.0300000000001,-225.5943750000001,-722.0300000000001,-225.5943750000001,-800.8700000000001,-114.0056250000001,-800.8700000000001
Y,QL-L4,L12-12-1,LEF-8-2,-113.3000000000001,-801.6,-226.3000000000001,-801.6,-226.30000000000013,-881.6,-113.30000000000011,-881.6,-114.0056250000001,-802.1800000000001,-225.5943750000001,-802.1800000000001,-225.59437500000013,-881.0200000000001,-114.00562500000011,-881.0200000000001
Y,QL-L4,L12-12-0,LEF-8-2,-113.30000000000011,-881.7500000000001,-226.30000000000013,-881.7500000000001,-226.30000000000013,-961.7500000000001,-113.30000000000011,-961.7500000000001,-114.00562500000011,-882.3300000000002,-225.59437500000013,-882.3300000000002,-225.59437500000013,-961.1700000000002,-114.00562500000011,-961.1700000000002
Y,QL-L4,L12-31-11,LEF-8-3,-226.5,-0.09999999999997226,-339.5,-0.09999999999995843,-339.5,-80.09999999999995,-226.5,-80.09999999999997,-227.205625,-0.6799999999999721,-338.794375,-0.6799999999999584,-338.794375,-79.51999999999997,-227.205625,-79.51999999999998
Y,QL-L4,L12-31-10,LEF-8-3,-226.5,-80.24999999999997,-339.5,-80.24999999999996,-339.5,-160.24999999999997,-226.50000000000003,-160.24999999999997,-227.205625,-80.82999999999997,-338.794375,-80.82999999999996,-338.794375,-159.67,-227.20562500000003,-159.67
Y,QL-L4,L12-31-9,LEF-8-3,-226.50000000000003,-160.39999999999998,-339.5,-160.39999999999998,-339.50000000000006,-240.39999999999998,-226.50000000000003,-240.39999999999998,-227.20562500000003,-160.98,-338.794375,-160.98,-338.79437500000006,-239.82,-227.20562500000003,-239.82
Y,QL-L4,L12-31-8,LEF-8-3,-226.50000000000003,-240.54999999999998,-339.50000000000006,-240.54999999999998,-339.50000000000006,-320.54999999999995,-226.50000000000003,-320.55,-227.20562500000003,-241.13,-338.79437500000006,-241.13,-338.79437500000006,-319.96999999999997,-227.20562500000003,-319.97
Y,QL-L4,L12-31-7,LEF-8-3,-226.50000000000003,-320.70000000000005,-339.50000000000006,-320.7,-339.50000000000006,-400.7,-226.50000000000006,-400.70000000000005,-227.20562500000003,-321.28000000000003,-338.79437500000006,-321.28,-338.79437500000006,-400.11999999999995,-227.20562500000005,-400.12
Y,QL-L4,L12-31-6,LEF-8-3,-226.50000000000006,-400.85,-339.50000000000006,-400.84999999999997,-339.50000000000006,-480.84999999999997,-226.50000000000006,-480.85,-227.20562500000005,-401.43,-338.79437500000006,-401.42999999999995,-338.79437500000006,-480.2699999999999,-227.20562500000005,-480.27
Y,QL-L4,L12-31-5,LEF-8-3,-226.50000000000006,-481.00000000000006,-339.50000000000006,-481.0,-339.50000000000006,-561.0,-226.50000000000006,-561.0,-227.20562500000005,-481.58000000000004,-338.79437500000006,-481.58,-338.79437500000006,-560.4200000000001,-227.20562500000005,-560.4200000000001
Y,QL-L4,L12-31-4,LEF-8-3,-226.50000000000006,-561.1500000000001,-339.50000000000006,-561.1500000000001,-339.50000000000006,-641.1500000000001,-226.50000000000009,-641.1500000000001,-227.20562500000005,-561.7300000000001,-338.79437500000006,-561.7300000000001,-338.79437500000006,-640.5700000000002,-227.20562500000008,-640.5700000000002
Y,QL-L4,L12-31-3,LEF-8-3,-226.50000000000009,-641.3000000000001,-339.50000000000006,-641.3000000000001,-339.5000000000001,-721.3000000000001,-226.50000000000009,-721.3000000000001,-227.20562500000008,-641.8800000000001,-338.79437500000006,-641.8800000000001,-338.7943750000001,-720.7200000000001,-227.20562500000008,-720.7200000000001
Y,QL-L4,L12-31-2,LEF-8-3,-226.50000000000009,-721.45,-339.5000000000001,-721.45,-339.5000000000001,-801.45,-226.50000000000009,-801.45,-227.20562500000008,-722.0300000000001,-338.7943750000001,-722.0300000000001,-338.7943750000001,-800.8700000000001,-227.20562500000008,-800.8700000000001
Y,QL-L4,L12-31-1,LEF-8-3,-226.50000000000009,-801.6,-339.5000000000001,-801.6,-339.5000000000001,-881.6,-226.5000000000001,-881.6,-227.20562500000008,-802.1800000000001,-338.7943750000001,-802.1800000000001,-338.7943750000001,-881.0200000000001,-227.2056250000001,-881.0200000000001
Y,QL-L4,L12-31-0,LEF-8-3,-226.5000000000001,-881.7500000000001,-339.5000000000001,-881.7500000000001,-339.5000000000001,-961.7500000000001,-226.5000000000001,-961.7500000000001,-227.2056250000001,-882.3300000000002,-338.7943750000001,-882.3300000000002,-338.7943750000001,-961.1700000000002,-227.2056250000001,-961.1700000000002
Y,QL-L4,L12-15-11,LEF-8-4,-339.70000000000005,-0.0999999999999584,-452.70000000000005,-0.09999999999994456,-452.70000000000005,-80.09999999999994,-339.70000000000005,-80.09999999999995,-340.40562500000004,-0.6799999999999583,-451.99437500000005,-0.6799999999999445,-451.99437500000005,-79.51999999999995,-340.40562500000004,-79.51999999999997
Y,QL-L4,L12-15-10,LEF-8-4,-339.70000000000005,-80.24999999999996,-452.70000000000005,-80.24999999999994,-452.70000000000005,-160.24999999999994,-339.70000000000005,-160.24999999999997,-340.40562500000004,-80.82999999999996,-451.99437500000005,-80.82999999999994,-451.99437500000005,-159.66999999999996,-340.40562500000004,-159.67
Y,QL-L4,L12-15-9,LEF-8-4,-339.70000000000005,-160.39999999999998,-452.70000000000005,-160.39999999999995,-452.7000000000001,-240.39999999999995,-339.7000000000001,-240.39999999999998,-340.40562500000004,-160.98,-451.99437500000005,-160.97999999999996,-451.9943750000001,-239.81999999999996,-340.4056250000001,-239.82
Y,QL-L4,L12-15-8,LEF-8-4,-339.7000000000001,-240.54999999999998,-452.7000000000001,-240.54999999999995,-452.7000000000001,-320.54999999999995,-339.7000000000001,-320.54999999999995,-340.4056250000001,-241.13,-451.9943750000001,-241.12999999999997,-451.9943750000001,-319.96999999999997,-340.4056250000001,-319.96999999999997
Y,QL-L4,L12-15-7,LEF-8-4,-339.7000000000001,-320.7,-452.7000000000001,-320.7,-452.7000000000001,-400.7,-339.7000000000001,-400.7,-340.4056250000001,-321.28,-451.9943750000001,-321.28,-451.9943750000001,-400.11999999999995,-340.4056250000001,-400.11999999999995
Y,QL-L4,L12-15-6,LEF-8-4,-339.7000000000001,-400.84999999999997,-452.7000000000001,-400.84999999999997,-452.7000000000001,-480.84999999999997,-339.7000000000001,-480.84999999999997,-340.4056250000001,-401.42999999999995,-451.9943750000001,-401.42999999999995,-451.9943750000001,-480.2699999999999,-340.4056250000001,-480.2699999999999
Y,QL-L4,L12-15-5,LEF-8-4,-339.7000000000001,-481.0,-452.7000000000001,-481.0,-452.7000000000001,-561.0,-339.7000000000001,-561.0,-340.4056250000001,-481.58,-451.9943750000001,-481.58,-451.9943750000001,-560.4200000000001,-340.4056250000001,-560.4200000000001
Y,QL-L4,L12-15-4,LEF-8-4,-339.7000000000001,-561.1500000000001,-452.7000000000001,-561.1500000000001,-452.7000000000001,-641.1500000000001,-339.7000000000001,-641.1500000000001,-340.4056250000001,-561.7300000000001,-451.9943750000001,-561.7300000000001,-451.9943750000001,-640.5700000000002,-340.4056250000001,-640.5700000000002
Y,QL-L4,L12-15-3,LEF-8-4,-339.7000000000001,-641.3000000000001,-452.7000000000001,-641.3000000000001,-452.70000000000016,-721.3000000000001,-339.70000000000016,-721.3000000000001,-340.4056250000001,-641.8800000000001,-451.9943750000001,-641.8800000000001,-451.99437500000016,-720.7200000000001,-340.40562500000016,-720.7200000000001
Y,QL-L4,L12-15-2,LEF-8-4,-339.70000000000016,-721.45,-452.70000000000016,-721.45,-452.70000000000016,-801.45,-339.70000000000016,-801.45,-340.40562500000016,-722.0300000000001,-451.99437500000016,-722.0300000000001,-451.99437500000016,-800.8700000000001,-340.40562500000016,-800.8700000000001
Y,QL-L4,L12-15-1,LEF-8-4,-339.70000000000016,-801.6,-452.70000000000016,-801.6,-452.70000000000016,-881.6,-339.70000000000016,-881.6,-340.40562500000016,-802.1800000000001,-451.99437500000016,-802.1800000000001,-451.99437500000016,-881.0200000000001,-340.40562500000016,-881.0200000000001
Y,QL-L4,L12-15-0,LEF-8-4,-339.70000000000016,-881.7500000000001,-452.70000000000016,-881.7500000000001,-452.70000000000016,-961.7500000000001,-339.70000000000016,-961.7500000000001,-340.40562500000016,-882.3300000000002,-451.99437500000016,-882.3300000000002,-451.99437500000016,-961.1700000000002,-340.40562500000016,-961.1700000000002
Y,QL-L4,L12-17-11,LEF-8-5,-452.90000000000003,-0.09999999999994454,-565.9000000000001,-0.0999999999999307,-565.9000000000001,-80.09999999999992,-452.90000000000003,-80.09999999999994,-453.60562500000003,-0.6799999999999444,-565.194375,-0.6799999999999308,-565.194375,-79.51999999999994,-453.60562500000003,-79.51999999999995
Y,QL-L4,L12-17-10,LEF-8-5,-452.90000000000003,-80.24999999999994,-565.9000000000001,-80.24999999999993,-565.9000000000001,-160.24999999999994,-452.90000000000003,-160.24999999999994,-453.60562500000003,-80.82999999999994,-565.194375,-80.82999999999993,-565.194375,-159.66999999999996,-453.60562500000003,-159.66999999999996
Y,QL-L4,L12-17-9,LEF-8-5,-452.90000000000003,-160.39999999999995,-565.9000000000001,-160.39999999999995,-565.9000000000001,-240.39999999999995,-452.9000000000001,-240.39999999999995,-453.60562500000003,-160.97999999999996,-565.194375,-160.97999999999996,-565.194375,-239.81999999999996,-453.6056250000001,-239.81999999999996
Y,QL-L4,L12-17-8,LEF-8-5,-452.9000000000001,-240.54999999999995,-565.9000000000001,-240.54999999999995,-565.9000000000001,-320.54999999999995,-452.9000000000001,-320.54999999999995,-453.6056250000001,-241.12999999999997,-565.194375,-241.12999999999997,-565.194375,-319.96999999999997,-453.6056250000001,-319.96999999999997
Y,QL-L4,L12-17-7,LEF-8-5,-452.9000000000001,-320.7,-565.9000000000001,-320.7,-565.9000000000001,-400.7,-452.9000000000001,-400.7,-453.6056250000001,-321.28,-565.194375,-321.28,-565.194375,-400.11999999999995,-453.6056250000001,-400.11999999999995
Y,QL-L4,L12-17-6,LEF-8-5,-452.9000000000001,-400.84999999999997,-565.9000000000001,-400.84999999999997,-565.9000000000002,-480.84999999999997,-452.9000000000001,-480.84999999999997,-453.6056250000001,-401.42999999999995,-565.194375,-401.42999999999995,-565.1943750000002,-480.2699999999999,-453.6056250000001,-480.2699999999999
Y,QL-L4,L12-17-5,LEF-8-5,-452.9000000000001,-481.0,-565.9000000000002,-481.0,-565.9000000000002,-560.9999999999999,-452.9000000000001,-561.0,-453.6056250000001,-481.58,-565.1943750000002,-481.58,-565.1943750000002,-560.42,-453.6056250000001,-560.4200000000001
Y,QL-L4,L12-17-4,LEF-8-5,-452.9000000000001,-561.1500000000001,-565.9000000000002,-561.15,-565.9000000000002,-641.15,-452.9000000000001,-641.1500000000001,-453.6056250000001,-561.7300000000001,-565.1943750000002,-561.73,-565.1943750000002,-640.57,-453.6056250000001,-640.5700000000002
Y,QL-L4,L12-17-3,LEF-8-5,-452.9000000000001,-641.3000000000001,-565.9000000000002,-641.3,-565.9000000000002,-721.3,-452.90000000000015,-721.3000000000001,-453.6056250000001,-641.8800000000001,-565.1943750000002,-641.88,-565.1943750000002,-720.72,-453.60562500000015,-720.7200000000001
Y,QL-L4,L12-17-2,LEF-8-5,-452.90000000000015,-721.45,-565.9000000000002,-721.4499999999999,-565.9000000000002,-801.4499999999999,-452.90000000000015,-801.45,-453.60562500000015,-722.0300000000001,-565.1943750000002,-722.03,-565.1943750000002,-800.87,-453.60562500000015,-800.8700000000001
Y,QL-L4,L12-17-1,LEF-8-5,-452.90000000000015,-801.6,-565.9000000000002,-801.5999999999999,-565.9000000000002,-881.5999999999999,-452.90000000000015,-881.6,-453.60562500000015,-802.1800000000001,-565.1943750000002,-802.18,-565.1943750000002,-881.02,-453.60562500000015,-881.0200000000001
Y,QL-L4,L12-17-0,LEF-8-5,-452.90000000000015,-881.7500000000001,-565.9000000000002,-881.75,-565.9000000000002,-961.75,-452.90000000000015,-961.7500000000001,-453.60562500000015,-882.3300000000002,-565.1943750000002,-882.33,-565.1943750000002,-961.1700000000001,-453.60562500000015,-961.1700000000002
Y,QL-L4,L10-12-9,LEF-8-6,-566.1,-0.09999999999993067,-679.1,-0.09999999999991684,-679.1,-80.09999999999991,-566.1,-80.09999999999992,-566.8056250000001,-0.6799999999999305,-678.3943750000001,-0.6799999999999169,-678.3943750000001,-79.51999999999992,-566.8056250000001,-79.51999999999994
Y,QL-L4,L10-12-8,LEF-8-6,-566.1,-80.24999999999993,-679.1,-80.24999999999991,-679.1,-160.24999999999991,-566.1,-160.24999999999994,-566.8056250000001,-80.82999999999993,-678.3943750000001,-80.82999999999991,-678.3943750000001,-159.66999999999993,-566.8056250000001,-159.66999999999996
Y,QL-L4,L10-12-7,LEF-8-6,-566.1,-160.39999999999995,-679.1,-160.39999999999992,-679.1,-240.39999999999992,-566.1,-240.39999999999995,-566.8056250000001,-160.97999999999996,-678.3943750000001,-160.97999999999993,-678.3943750000001,-239.81999999999994,-566.8056250000001,-239.81999999999996
Y,QL-L4,L10-12-6,LEF-8-6,-566.1,-240.54999999999995,-679.1,-240.54999999999993,-679.1,-320.54999999999995,-566.1,-320.54999999999995,-566.8056250000001,-241.12999999999997,-678.3943750000001,-241.12999999999994,-678.3943750000001,-319.96999999999997,-566.8056250000001,-319.96999999999997
Y,QL-L4,L10-12-5,LEF-8-6,-566.1,-320.7,-679.1,-320.7,-679.1,-400.7,-566.1,-400.7,-566.8056250000001,-321.28,-678.3943750000001,-321.28,-678.3943750000001,-400.11999999999995,-566.8056250000001,-400.11999999999995
Y,QL-L4,L10-12-4,LEF-8-6,-566.1,-400.84999999999997,-679.1,-400.84999999999997,-679.1000000000001,-480.84999999999997,-566.1000000000001,-480.84999999999997,-566.8056250000001,-401.42999999999995,-678.3943750000001,-401.42999999999995,-678.3943750000002,-480.2699999999999,-566.8056250000002,-480.2699999999999
Y,QL-L4,L10-12-3,LEF-8-6,-566.1000000000001,-481.0,-679.1000000000001,-481.0,-679.1000000000001,-560.9999999999999,-566.1000000000001,-560.9999999999999,-566.8056250000002,-481.58,-678.3943750000002,-481.58,-678.3943750000002,-560.42,-566.8056250000002,-560.42
Y,QL-L4,L10-12-2,LEF-8-6,-566.1000000000001,-561.15,-679.1000000000001,-561.15,-679.1000000000001,-641.15,-566.1000000000001,-641.15,-566.8056250000002,-561.73,-678.3943750000002,-561.73,-678.3943750000002,-640.57,-566.8056250000002,-640.57
Y,QL-L4,L10-12-1,LEF-8-6,-566.1000000000001,-641.3,-679.1000000000001,-641.3,-679.1000000000001,-721.3,-566.1000000000001,-721.3,-566.8056250000002,-641.88,-678.3943750000002,-641.88,-678.3943750000002,-720.72,-566.8056250000002,-720.72
Y,QL-L4,L10-12-0,LEF-8-6,-566.1000000000001,-721.4499999999999,-679.1000000000001,-721.4499999999999,-679.1000000000001,-801.4499999999999,-566.1000000000001,-801.4499999999999,-566.8056250000002,-722.03,-678.3943750000002,-722.03,-678.3943750000002,-800.87,-566.8056250000002,-800.87
Y,QL-L4,L10-04-9,LEF-8-7,-679.3000000000001,-0.09999999999991682,-792.3000000000001,-0.09999999999990297,-792.3000000000001,-80.0999999999999,-679.3000000000001,-80.09999999999991,-680.0056250000001,-0.6799999999999167,-791.5943750000001,-0.679999999999903,-791.5943750000001,-79.51999999999991,-680.0056250000001,-79.51999999999992
Y,QL-L4,L10-04-8,LEF-8-7,-679.3000000000001,-80.24999999999991,-792.3000000000001,-80.2499999999999,-792.3000000000001,-160.24999999999991,-679.3000000000001,-160.24999999999991,-680.0056250000001,-80.82999999999991,-791.5943750000001,-80.8299999999999,-791.5943750000001,-159.66999999999993,-680.0056250000001,-159.66999999999993
Y,QL-L4,L10-04-7,LEF-8-7,-679.3000000000001,-160.39999999999992,-792.3000000000001,-160.39999999999992,-792.3000000000001,-240.39999999999992,-679.3000000000001,-240.39999999999992,-680.0056250000001,-160.97999999999993,-791.5943750000001,-160.97999999999993,-791.5943750000001,-239.81999999999994,-680.0056250000001,-239.81999999999994
Y,QL-L4,L10-04-6,LEF-8-7,-679.3000000000001,-240.54999999999993,-792.3000000000001,-240.54999999999993,-792.3000000000001,-320.5499999999999,-679.3000000000001,-320.54999999999995,-680.0056250000001,-241.12999999999994,-791.5943750000001,-241.12999999999994,-791.5943750000001,-319.9699999999999,-680.0056250000001,-319.96999999999997
Y,QL-L4,L10-04-5,LEF-8-7,-679.3000000000001,-320.7,-792.3000000000001,-320.69999999999993,-792.3000000000001,-400.69999999999993,-679.3000000000001,-400.7,-680.0056250000001,-321.28,-791.5943750000001,-321.2799999999999,-791.5943750000001,-400.1199999999999,-680.0056250000001,-400.11999999999995
Y,QL-L4,L10-04-4,LEF-8-7,-679.3000000000001,-400.84999999999997,-792.3000000000001,-400.8499999999999,-792.3000000000002,-480.8499999999999,-679.3000000000002,-480.84999999999997,-680.0056250000001,-401.42999999999995,-791.5943750000001,-401.4299999999999,-791.5943750000002,-480.26999999999987,-680.0056250000002,-480.2699999999999
Y,QL-L4,L10-04-3,LEF-8-7,-679.3000000000002,-481.0,-792.3000000000002,-480.99999999999994,-792.3000000000002,-560.9999999999999,-679.3000000000002,-560.9999999999999,-680.0056250000002,-481.58,-791.5943750000002,-481.5799999999999,-791.5943750000002,-560.42,-680.0056250000002,-560.42
Y,QL-L4,L10-04-2,LEF-8-7,-679.3000000000002,-561.15,-792.3000000000002,-561.15,-792.3000000000002,-641.15,-679.3000000000002,-641.15,-680.0056250000002,-561.73,-791.5943750000002,-561.73,-791.5943750000002,-640.57,-680.0056250000002,-640.57
Y,QL-L4,L10-04-1,LEF-8-7,-679.3000000000002,-641.3,-792.3000000000002,-641.3,-792.3000000000002,-721.3,-679.3000000000002,-721.3,-680.0056250000002,-641.88,-791.5943750000002,-641.88,-791.5943750000002,-720.72,-680.0056250000002,-720.72
Y,QL-L4,L10-04-0,LEF-8-7,-679.3000000000002,-721.4499999999999,-792.3000000000002,-721.4499999999999,-792.3000000000002,-801.4499999999999,-679.3000000000002,-801.4499999999999,-680.0056250000002,-722.03,-791.5943750000002,-722.03,-791.5943750000002,-800.87,-680.0056250000002,-800.87
Y,QL-L4,L08-09-7,LEF-8-8,-792.5,-0.09999999999990296,-905.5,-0.09999999999988911,-905.5,-80.09999999999988,-792.5,-80.0999999999999,-793.205625,-0.6799999999999028,-904.7943750000001,-0.6799999999998891,-904.7943750000001,-79.5199999999999,-793.205625,-79.51999999999991
Y,QL-L4,L08-09-6,LEF-8-8,-792.5,-80.2499999999999,-905.5,-80.24999999999989,-905.5,-160.2499999999999,-792.5,-160.24999999999991,-793.205625,-80.8299999999999,-904.7943750000001,-80.82999999999988,-904.7943750000001,-159.6699999999999,-793.205625,-159.66999999999993
Y,QL-L4,L08-09-5,LEF-8-8,-792.5,-160.39999999999992,-905.5,-160.3999999999999,-905.5,-240.3999999999999,-792.5,-240.39999999999992,-793.205625,-160.97999999999993,-904.7943750000001,-160.9799999999999,-904.7943750000001,-239.8199999999999,-793.205625,-239.81999999999994
Y,QL-L4,L08-09-4,LEF-8-8,-792.5,-240.54999999999993,-905.5,-240.5499999999999,-905.5,-320.5499999999999,-792.5,-320.5499999999999,-793.205625,-241.12999999999994,-904.7943750000001,-241.1299999999999,-904.7943750000001,-319.9699999999999,-793.205625,-319.9699999999999
Y,QL-L4,L08-09-3,LEF-8-8,-792.5,-320.69999999999993,-905.5,-320.69999999999993,-905.5,-400.69999999999993,-792.5,-400.69999999999993,-793.205625,-321.2799999999999,-904.7943750000001,-321.2799999999999,-904.7943750000001,-400.1199999999999,-793.205625,-400.1199999999999
Y,QL-L4,L08-09-2,LEF-8-8,-792.5,-400.8499999999999,-905.5,-400.8499999999999,-905.5000000000001,-480.8499999999999,-792.5000000000001,-480.8499999999999,-793.205625,-401.4299999999999,-904.7943750000001,-401.4299999999999,-904.7943750000002,-480.26999999999987,-793.2056250000002,-480.26999999999987
Y,QL-L4,L08-09-1,LEF-8-8,-792.5000000000001,-480.99999999999994,-905.5000000000001,-480.99999999999994,-905.5000000000001,-560.9999999999999,-792.5000000000001,-560.9999999999999,-793.2056250000002,-481.5799999999999,-904.7943750000002,-481.5799999999999,-904.7943750000002,-560.42,-793.2056250000002,-560.42
Y,QL-L4,L08-09-0,LEF-8-8,-792.5000000000001,-561.15,-905.5000000000001,-561.15,-905.5000000000001,-641.15,-792.5000000000001,-641.15,-793.2056250000002,-561.73,-904.7943750000002,-561.73,-904.7943750000002,-640.57,-793.2056250000002,-640.57
Y,QL-L4,L08-16-7,LEF-8-9,-905.7,-0.0999999999998891,-1018.7,-0.09999999999987524,-1018.7,-80.09999999999987,-905.7,-80.09999999999988,-906.4056250000001,-0.6799999999998889,-1017.9943750000001,-0.6799999999998753,-1017.9943750000001,-79.51999999999988,-906.4056250000001,-79.5199999999999
Y,QL-L4,L08-16-6,LEF-8-9,-905.7,-80.24999999999989,-1018.7,-80.24999999999987,-1018.7,-160.2499999999999,-905.7,-160.2499999999999,-906.4056250000001,-80.82999999999988,-1017.9943750000001,-80.82999999999987,-1017.9943750000001,-159.6699999999999,-906.4056250000001,-159.6699999999999
Y,QL-L4,L08-16-5,LEF-8-9,-905.7,-160.3999999999999,-1018.7,-160.3999999999999,-1018.7,-240.3999999999999,-905.7,-240.3999999999999,-906.4056250000001,-160.9799999999999,-1017.9943750000001,-160.9799999999999,-1017.9943750000001,-239.8199999999999,-906.4056250000001,-239.8199999999999
Y,QL-L4,L08-16-4,LEF-8-9,-905.7,-240.5499999999999,-1018.7,-240.5499999999999,-1018.7,-320.5499999999999,-905.7,-320.5499999999999,-906.4056250000001,-241.1299999999999,-1017.9943750000001,-241.1299999999999,-1017.9943750000001,-319.9699999999999,-906.4056250000001,-319.9699999999999
Y,QL-L4,L08-16-3,LEF-8-9,-905.7,-320.69999999999993,-1018.7,-320.69999999999993,-1018.7,-400.69999999999993,-905.7,-400.69999999999993,-906.4056250000001,-321.2799999999999,-1017.9943750000001,-321.2799999999999,-1017.9943750000001,-400.1199999999999,-906.4056250000001,-400.1199999999999
Y,QL-L4,L08-16-2,LEF-8-9,-905.7,-400.8499999999999,-1018.7,-400.8499999999999,-1018.7000000000002,-480.8499999999999,-905.7000000000002,-480.8499999999999,-906.4056250000001,-401.4299999999999,-1017.9943750000001,-401.4299999999999,-1017.9943750000002,-480.26999999999987,-906.4056250000002,-480.26999999999987
Y,QL-L4,L08-16-1,LEF-8-9,-905.7000000000002,-480.99999999999994,-1018.7000000000002,-480.99999999999994,-1018.7000000000002,-560.9999999999999,-905.7000000000002,-560.9999999999999,-906.4056250000002,-481.5799999999999,-1017.9943750000002,-481.5799999999999,-1017.9943750000002,-560.42,-906.4056250000002,-560.42
Y,QL-L4,L08-16-0,LEF-8-9,-905.7000000000002,-561.15,-1018.7000000000002,-561.15,-1018.7000000000002,-641.15,-905.7000000000002,-641.15,-906.4056250000002,-561.73,-1017.9943750000002,-561.73,-1017.9943750000002,-640.57,-906.4056250000002,-640.57
